"zip","year","independent_artists","art_firms"
10001,2005,71,1620
10001,2006,64,2222
10001,2007,80,3125
10001,2008,79,2450
10001,2009,77,2040
10001,2010,75,1848
10001,2011,80,1768
10001,2012,72,2192
10001,2013,77,1998
10001,2014,88,2768
10001,2015,92,3475
10002,2005,14,132
10002,2006,16,138
10002,2007,13,341
10002,2008,17,318
10002,2009,19,214
10002,2010,20,318
10002,2011,24,343
10002,2012,20,595
10002,2013,23,474
10002,2014,27,487
10002,2015,34,444
10003,2005,126,3168
10003,2006,135,2724
10003,2007,185,2913
10003,2008,203,2748
10003,2009,198,2590
10003,2010,215,2702
10003,2011,219,2450
10003,2012,250,2842
10003,2013,271,2758
10003,2014,294,3133
10003,2015,314,3328
10004,2005,2,220
10004,2006,4,224
10004,2007,8,77
10004,2008,7,67
10004,2009,8,32
10004,2010,7,40
10004,2011,6,64
10004,2012,9,459
10004,2013,12,446
10004,2014,10,113
10004,2015,8,132
10005,2005,5,48
10005,2006,5,58
10005,2007,5,66
10005,2008,4,55
10005,2009,5,72
10005,2010,6,82
10005,2011,5,263
10005,2012,8,296
10005,2013,6,283
10005,2014,7,278
10005,2015,7,438
10006,2005,1,17
10006,2006,2,71
10006,2007,3,85
10006,2008,2,132
10006,2009,2,126
10006,2010,2,134
10006,2011,2,117
10006,2012,2,189
10006,2013,5,211
10006,2014,6,52
10006,2015,7,45
10007,2005,8,59
10007,2006,7,72
10007,2007,7,85
10007,2008,5,118
10007,2009,5,122
10007,2010,4,129
10007,2011,4,719
10007,2012,7,381
10007,2013,7,383
10007,2014,7,311
10007,2015,8,395
10009,2005,24,125
10009,2006,30,109
10009,2007,31,81
10009,2008,27,73
10009,2009,26,72
10009,2010,24,83
10009,2011,26,119
10009,2012,29,120
10009,2013,30,150
10009,2014,31,154
10009,2015,37,141
10010,2005,43,521
10010,2006,40,568
10010,2007,42,730
10010,2008,41,880
10010,2009,41,855
10010,2010,35,813
10010,2011,35,752
10010,2012,39,901
10010,2013,33,781
10010,2014,33,896
10010,2015,37,753
10011,2005,76,1156
10011,2006,77,1363
10011,2007,66,1855
10011,2008,81,2261
10011,2009,89,1992
10011,2010,91,1816
10011,2011,88,1849
10011,2012,107,2306
10011,2013,104,1343
10011,2014,109,1696
10011,2015,111,2035
10012,2005,56,1283
10012,2006,50,1033
10012,2007,43,1062
10012,2008,49,783
10012,2009,54,872
10012,2010,55,883
10012,2011,54,943
10012,2012,49,1013
10012,2013,49,1086
10012,2014,45,1058
10012,2015,50,1743
10013,2005,61,1579
10013,2006,54,1926
10013,2007,55,1160
10013,2008,68,1259
10013,2009,69,1581
10013,2010,73,1754
10013,2011,81,1843
10013,2012,102,1633
10013,2013,99,1590
10013,2014,106,2530
10013,2015,114,1815
10014,2005,81,543
10014,2006,93,553
10014,2007,83,823
10014,2008,90,1046
10014,2009,92,788
10014,2010,88,622
10014,2011,93,1116
10014,2012,80,648
10014,2013,89,873
10014,2014,85,1360
10014,2015,76,1411
10015,2005,0,2
10015,2007,0,2
10016,2005,44,806
10016,2006,37,794
10016,2007,45,779
10016,2008,48,755
10016,2009,43,705
10016,2010,53,656
10016,2011,48,517
10016,2012,48,736
10016,2013,45,832
10016,2014,51,843
10016,2015,48,698
10017,2005,58,740
10017,2006,56,1150
10017,2007,31,578
10017,2008,32,772
10017,2009,33,769
10017,2010,36,867
10017,2011,32,788
10017,2012,45,1407
10017,2013,40,1056
10017,2014,45,713
10017,2015,47,918
10018,2005,33,1981
10018,2006,39,1603
10018,2007,42,1268
10018,2008,42,1484
10018,2009,50,1475
10018,2010,51,1428
10018,2011,49,2290
10018,2012,53,2515
10018,2013,51,3312
10018,2014,56,2923
10018,2015,57,3231
10019,2005,127,6800
10019,2006,127,7266
10019,2007,122,6692
10019,2008,123,8523
10019,2009,112,7784
10019,2010,100,6641
10019,2011,109,6543
10019,2012,82,7392
10019,2013,89,7512
10019,2014,86,7086
10019,2015,88,7283
10020,2005,0,42
10020,2006,1,65
10020,2007,1,28
10020,2008,3,11
10020,2009,2,11
10020,2010,2,18
10020,2011,1,13
10020,2012,2,102
10020,2013,2,309
10020,2014,2,232
10020,2015,2,189
10021,2005,57,585
10021,2006,50,697
10021,2007,51,529
10021,2008,45,718
10021,2009,46,564
10021,2010,45,736
10021,2011,39,783
10021,2012,36,676
10021,2013,37,858
10021,2014,36,625
10021,2015,30,450
10022,2005,87,1575
10022,2006,86,1559
10022,2007,78,1503
10022,2008,82,1918
10022,2009,81,2029
10022,2010,74,1763
10022,2011,74,1695
10022,2012,64,1699
10022,2013,61,1567
10022,2014,57,2179
10022,2015,52,1951
10023,2005,76,4245
10023,2006,72,3997
10023,2007,73,3928
10023,2008,88,4379
10023,2009,84,4490
10023,2010,85,4037
10023,2011,79,4465
10023,2012,68,3888
10023,2013,61,4311
10023,2014,73,4487
10023,2015,74,4923
10024,2005,60,1827
10024,2006,59,1795
10024,2007,69,1685
10024,2008,63,1652
10024,2009,64,1670
10024,2010,64,1382
10024,2011,64,1685
10024,2012,66,1770
10024,2013,63,2054
10024,2014,67,1978
10024,2015,74,1964
10025,2005,66,381
10025,2006,69,408
10025,2007,70,388
10025,2008,73,389
10025,2009,76,504
10025,2010,89,417
10025,2011,87,504
10025,2012,88,375
10025,2013,80,383
10025,2014,86,334
10025,2015,89,337
10026,2005,3,8
10026,2006,5,10
10026,2007,5,8
10026,2008,8,106
10026,2009,7,4
10026,2010,9,4
10026,2011,9,19
10026,2012,10,24
10026,2013,11,25
10026,2014,12,22
10026,2015,11,20
10027,2005,8,116
10027,2006,8,233
10027,2007,6,148
10027,2008,8,198
10027,2009,11,158
10027,2010,9,176
10027,2011,7,159
10027,2012,13,215
10027,2013,10,150
10027,2014,12,199
10027,2015,12,201
10028,2005,19,1292
10028,2006,16,1415
10028,2007,14,1280
10028,2008,14,1228
10028,2009,17,1245
10028,2010,17,1228
10028,2011,17,1237
10028,2012,15,1244
10028,2013,13,1386
10028,2014,14,1453
10028,2015,10,1386
10029,2005,4,167
10029,2006,6,171
10029,2007,4,152
10029,2008,3,356
10029,2009,2,254
10029,2010,4,250
10029,2011,4,467
10029,2012,4,557
10029,2013,5,359
10029,2014,5,263
10029,2015,5,274
10030,2005,0,185
10030,2006,0,176
10030,2007,1,183
10030,2008,1,190
10030,2009,2,183
10030,2010,3,196
10030,2011,2,190
10030,2012,2,189
10030,2013,3,187
10030,2014,2,182
10030,2015,2,350
10031,2005,2,106
10031,2006,4,95
10031,2007,6,89
10031,2008,4,87
10031,2009,2,95
10031,2010,2,86
10031,2011,3,97
10031,2012,6,80
10031,2013,7,55
10031,2014,10,95
10031,2015,10,88
10032,2005,1,77
10032,2006,2,73
10032,2007,1,70
10032,2008,1,70
10032,2009,1,73
10032,2010,2,65
10032,2011,3,61
10032,2012,5,55
10032,2013,6,110
10032,2014,4,66
10032,2015,5,66
10033,2005,7,6
10033,2006,4,6
10033,2007,7,42
10033,2008,10,14
10033,2009,9,10
10033,2010,8,19
10033,2011,9,19
10033,2012,7,23
10033,2013,6,25
10033,2014,7,18
10033,2015,7,18
10034,2005,1,6
10034,2006,1,6
10034,2007,2,10
10034,2008,3,8
10034,2009,2,8
10034,2010,2,10
10034,2011,0,8
10034,2012,1,10
10034,2013,2,8
10034,2014,1,10
10034,2015,4,10
10035,2005,0,32
10035,2006,0,41
10035,2007,1,46
10035,2008,1,79
10035,2009,1,57
10035,2010,0,208
10035,2011,0,201
10035,2012,1,202
10035,2013,2,204
10035,2014,2,202
10035,2015,1,224
10036,2005,124,11132
10036,2006,118,11596
10036,2007,91,11160
10036,2008,96,10040
10036,2009,87,9579
10036,2010,96,9974
10036,2011,89,9865
10036,2012,74,9418
10036,2013,74,9608
10036,2014,79,10008
10036,2015,73,11045
10037,2007,0,9
10037,2008,0,9
10037,2009,1,9
10037,2010,1,9
10037,2011,1,7
10037,2012,0,7
10037,2013,1,7
10037,2014,0,7
10037,2015,0,2
10038,2005,7,98
10038,2006,8,172
10038,2007,8,440
10038,2008,6,556
10038,2009,9,547
10038,2010,8,116
10038,2011,7,102
10038,2012,7,101
10038,2013,5,130
10038,2014,6,95
10038,2015,8,100
10039,2005,0,2
10039,2006,0,2
10039,2007,0,4
10039,2008,0,2
10039,2009,1,2
10039,2010,1,4
10039,2011,1,2
10039,2012,1,72
10039,2013,1,70
10039,2014,1,72
10039,2015,3,70
10040,2005,2,0
10040,2006,2,2
10040,2007,1,0
10040,2008,2,2
10040,2009,3,4
10040,2010,1,6
10040,2011,2,10
10040,2012,1,8
10040,2013,1,11
10040,2014,1,23
10040,2015,2,21
10044,2005,1,2
10044,2006,1,15
10044,2007,0,2
10044,2008,0,2
10044,2009,1,7
10044,2010,1,7
10044,2011,1,9
10044,2012,1,9
10044,2013,1,4
10044,2014,1,4
10044,2015,2,15
10069,2005,0,6
10069,2006,1,2
10069,2007,1,2
10069,2008,5,2
10069,2009,5,2
10069,2010,2,2
10069,2011,4,30
10069,2012,3,2
10069,2013,3,2
10069,2014,4,2
10069,2015,4,2
10103,2005,1,7
10103,2006,1,2
10103,2007,1,0
10103,2008,1,0
10103,2009,1,0
10103,2010,1,0
10103,2011,1,0
10104,2005,0,179
10104,2006,0,6
10104,2007,0,9
10104,2008,0,4
10104,2009,0,4
10104,2010,0,2
10104,2011,0,2
10105,2006,1,0
10106,2005,10,189
10106,2006,6,185
10106,2007,9,180
10106,2008,10,756
10106,2009,11,17
10106,2010,11,15
10106,2011,11,17
10106,2012,12,26
10106,2013,11,26
10106,2014,9,19
10106,2015,11,58
10107,2005,12,85
10107,2006,8,76
10107,2007,15,90
10107,2008,19,93
10107,2009,21,73
10107,2010,23,85
10107,2011,27,119
10107,2012,65,102
10107,2013,60,89
10107,2014,66,157
10107,2015,72,97
10110,2005,6,47
10110,2006,5,47
10110,2007,2,27
10110,2008,3,15
10110,2009,2,13
10110,2010,3,15
10110,2011,3,11
10110,2012,4,21
10110,2013,3,19
10110,2014,2,13
10110,2015,3,15
10111,2005,1,7
10111,2006,1,2
10111,2007,1,2
10111,2008,1,2
10111,2009,1,2
10111,2010,1,4
10111,2011,1,6
10111,2012,1,6
10111,2013,1,4
10111,2014,1,6
10111,2015,2,178
10112,2005,2,85
10112,2006,2,6
10112,2007,2,31
10112,2008,2,24
10112,2009,2,186
10112,2010,2,192
10112,2011,3,207
10112,2012,1,209
10112,2013,1,170
10112,2014,2,170
10112,2015,1,170
10115,2007,1,0
10115,2008,0,15
10115,2009,0,7
10115,2010,0,15
10115,2011,0,30
10115,2012,0,30
10115,2013,0,30
10115,2014,0,15
10115,2015,0,17
10118,2005,32,10
10118,2006,34,10
10118,2007,29,38
10118,2008,28,36
10118,2009,28,66
10118,2010,29,66
10118,2011,27,55
10118,2012,36,38
10118,2013,37,240
10118,2014,38,208
10118,2015,36,182
10119,2005,5,8
10119,2006,5,8
10119,2007,6,24
10119,2008,7,27
10119,2009,8,18
10119,2010,8,14
10119,2011,8,16
10119,2012,5,18
10119,2013,3,20
10119,2014,5,16
10119,2015,5,16
10121,2005,1,30
10121,2006,1,0
10122,2005,7,2
10122,2006,8,2
10122,2007,3,9
10122,2008,1,6
10122,2009,4,4
10122,2010,3,6
10122,2011,4,8
10122,2012,12,6
10122,2013,12,10
10122,2014,20,12
10122,2015,22,8
10123,2005,5,10
10123,2006,4,38
10123,2007,3,6
10123,2008,2,4
10123,2009,2,4
10123,2010,1,2
10123,2011,1,11
10123,2012,0,4
10123,2013,0,2
10123,2014,0,2
10123,2015,0,2
10128,2005,26,308
10128,2006,21,333
10128,2007,22,514
10128,2008,27,967
10128,2009,26,983
10128,2010,27,876
10128,2011,21,984
10128,2012,21,973
10128,2013,20,970
10128,2014,21,985
10128,2015,18,994
10152,2015,0,2
10153,2011,0,2
10155,2005,0,2
10155,2006,0,4
10155,2007,0,9
10155,2008,0,9
10155,2009,1,9
10155,2010,1,11
10155,2011,0,11
10155,2012,0,9
10155,2013,0,4
10155,2014,0,4
10155,2015,0,4
10158,2007,0,2
10158,2008,0,4
10158,2009,0,2
10158,2010,0,2
10158,2011,0,17
10158,2012,0,17
10158,2013,0,17
10158,2014,0,17
10158,2015,0,17
10162,2005,0,6
10162,2006,0,4
10162,2007,0,2
10165,2005,6,78
10165,2006,7,53
10165,2007,8,61
10165,2008,5,33
10165,2009,2,42
10165,2010,3,54
10165,2011,4,26
10165,2012,6,21
10165,2013,4,12
10165,2014,4,12
10165,2015,4,8
10166,2006,1,0
10166,2013,1,0
10166,2014,1,0
10166,2015,1,0
10167,2005,1,0
10167,2006,1,0
10167,2007,1,0
10168,2005,0,19
10168,2006,3,64
10168,2007,1,49
10168,2008,1,36
10168,2009,4,64
10168,2010,2,53
10168,2011,1,41
10168,2012,5,36
10168,2013,5,64
10168,2014,8,39
10168,2015,7,34
10169,2005,1,2
10169,2006,1,2
10169,2008,0,30
10169,2011,1,0
10169,2012,1,0
10169,2013,1,2
10169,2014,1,0
10169,2015,1,0
10170,2005,3,12
10170,2006,1,14
10170,2007,2,23
10170,2008,7,18
10170,2009,8,43
10170,2010,9,31
10170,2011,8,48
10170,2012,6,60
10170,2013,5,71
10170,2014,10,57
10170,2015,8,64
10171,2005,0,7
10173,2014,3,0
10173,2015,3,0
10175,2005,2,4
10175,2006,2,2
10175,2007,0,6
10175,2008,1,4
10175,2009,1,6
10175,2010,1,36
10175,2011,1,11
10175,2012,0,9
10175,2013,0,9
10175,2014,0,11
10175,2015,0,11
10176,2005,1,2
10176,2006,1,2
10176,2007,0,15
10178,2005,2,12
10178,2006,2,4
10178,2007,4,4
10178,2008,3,4
10178,2009,3,4
10178,2010,3,4
10178,2011,3,2
10178,2012,4,4
10178,2013,2,2
10178,2014,3,2
10178,2015,2,2
10271,2005,0,4
10271,2006,0,2
10271,2007,0,2
10271,2008,0,2
10271,2009,0,4
10271,2010,0,2
10271,2011,0,2
10271,2012,0,9
10271,2013,0,4
10271,2014,0,2
10271,2015,0,2
10279,2008,0,2
10280,2005,4,12
10280,2006,4,8
10280,2007,2,200
10280,2008,1,204
10280,2009,2,119
10280,2010,2,103
10280,2011,2,105
10280,2012,2,97
10280,2013,1,101
10280,2014,0,95
10280,2015,0,87
10281,2015,0,30
10282,2005,1,4
10282,2006,2,6
10282,2007,4,0
10282,2008,4,0
10282,2009,4,0
10282,2010,4,2
10282,2011,4,2
10282,2012,3,2
10282,2013,1,2
10282,2014,2,2
10282,2015,1,0
10301,2005,0,119
10301,2006,0,122
10301,2007,1,178
10301,2008,2,196
10301,2009,2,200
10301,2010,2,217
10301,2011,2,213
10301,2012,3,157
10301,2013,3,100
10301,2014,3,103
10301,2015,3,107
10302,2005,0,2
10302,2006,0,2
10302,2007,1,2
10302,2008,1,2
10302,2009,1,2
10302,2010,1,2
10302,2011,1,2
10302,2012,1,0
10302,2013,1,0
10302,2014,2,0
10302,2015,2,0
10303,2008,1,0
10303,2009,1,0
10303,2010,1,0
10303,2011,1,0
10303,2012,1,0
10303,2013,1,0
10303,2014,2,0
10303,2015,1,2
10304,2006,0,2
10304,2007,0,4
10304,2008,0,2
10304,2009,0,2
10304,2010,0,2
10304,2011,0,4
10304,2012,0,9
10304,2013,0,6
10304,2014,0,11
10304,2015,0,4
10305,2005,1,21
10305,2006,1,28
10305,2007,1,36
10305,2008,1,34
10305,2009,2,29
10305,2010,3,24
10305,2011,3,25
10305,2012,3,25
10305,2013,3,25
10305,2014,3,33
10305,2015,3,27
10306,2005,0,50
10306,2006,0,90
10306,2007,1,87
10306,2008,2,20
10306,2009,2,22
10306,2010,2,29
10306,2011,3,14
10306,2012,3,8
10306,2013,2,34
10306,2014,2,34
10306,2015,2,36
10307,2005,3,4
10307,2006,3,4
10307,2007,2,4
10307,2008,2,8
10307,2009,2,4
10307,2010,1,4
10307,2011,1,4
10307,2012,1,2
10307,2013,1,2
10307,2014,2,2
10307,2015,2,2
10308,2010,0,2
10308,2012,0,2
10308,2013,1,2
10308,2014,1,0
10308,2015,1,4
10309,2005,2,13
10309,2006,2,15
10309,2007,2,15
10309,2008,3,19
10309,2009,3,19
10309,2010,3,24
10309,2011,3,37
10309,2012,5,27
10309,2013,3,37
10309,2014,4,34
10309,2015,4,34
10310,2005,0,19
10310,2006,0,11
10310,2007,0,4
10310,2008,0,11
10310,2009,0,4
10310,2010,0,4
10310,2011,0,4
10310,2012,0,36
10310,2013,0,4
10310,2014,0,2
10310,2015,1,2
10312,2005,0,32
10312,2006,1,30
10312,2007,2,30
10312,2008,2,24
10312,2009,2,38
10312,2010,2,37
10312,2011,2,58
10312,2012,2,33
10312,2013,2,17
10312,2014,2,17
10312,2015,3,20
10314,2005,2,21
10314,2006,2,34
10314,2007,1,30
10314,2008,1,38
10314,2009,1,21
10314,2010,2,23
10314,2011,2,23
10314,2012,3,32
10314,2013,3,70
10314,2014,2,50
10314,2015,2,56
10451,2005,0,16
10451,2006,0,87
10451,2007,1,194
10451,2008,0,194
10451,2009,0,22
10451,2010,1,24
10451,2011,0,24
10451,2012,1,11
10451,2013,0,26
10451,2014,0,46
10451,2015,1,24
10452,2005,0,2
10452,2006,0,2
10452,2012,1,0
10453,2005,0,7
10453,2006,0,15
10453,2007,0,17
10453,2008,0,15
10453,2009,0,15
10453,2010,0,15
10453,2011,0,15
10453,2012,0,15
10453,2013,0,17
10453,2014,0,15
10453,2015,0,15
10454,2005,0,4
10454,2006,0,2
10454,2008,0,2
10454,2009,0,9
10454,2010,1,9
10454,2011,1,2
10454,2012,0,4
10454,2013,0,4
10454,2014,0,6
10454,2015,0,6
10455,2014,1,0
10455,2015,1,0
10456,2005,2,30
10456,2006,1,30
10456,2007,1,30
10456,2008,1,32
10456,2009,1,172
10456,2010,1,32
10456,2011,0,32
10456,2012,1,30
10456,2013,0,30
10456,2014,0,30
10456,2015,0,30
10457,2009,0,2
10457,2010,1,0
10458,2005,0,17
10458,2006,2,17
10458,2007,0,17
10458,2008,0,22
10458,2009,0,24
10458,2010,0,19
10458,2011,0,17
10458,2012,0,15
10458,2013,0,15
10458,2014,0,15
10458,2015,0,37
10459,2005,0,4
10459,2006,0,2
10459,2007,0,2
10459,2008,0,2
10459,2009,0,2
10459,2010,0,4
10459,2011,0,9
10459,2012,0,11
10459,2013,0,6
10459,2014,0,11
10459,2015,0,6
10460,2005,0,7
10460,2006,0,17
10460,2007,0,15
10460,2008,0,15
10460,2009,0,7
10460,2010,0,7
10460,2011,0,9
10460,2012,0,9
10460,2013,0,17
10460,2014,0,9
10460,2015,0,9
10461,2005,1,32
10461,2006,2,30
10461,2007,3,30
10461,2008,3,32
10461,2009,3,32
10461,2010,3,32
10461,2011,2,32
10461,2012,2,32
10461,2013,2,36
10461,2014,2,34
10461,2015,2,17
10462,2005,1,2
10462,2006,2,2
10462,2007,1,2
10462,2008,1,0
10462,2009,1,0
10462,2010,1,0
10462,2011,1,2
10462,2012,2,11
10462,2013,1,6
10462,2014,1,6
10462,2015,2,4
10463,2005,4,10
10463,2006,2,13
10463,2007,2,24
10463,2008,2,30
10463,2009,2,61
10463,2010,2,56
10463,2011,2,53
10463,2012,3,44
10463,2013,2,30
10463,2014,3,27
10463,2015,3,35
10464,2005,0,13
10464,2006,0,18
10464,2007,0,13
10464,2008,1,13
10464,2009,1,6
10464,2010,1,11
10464,2011,1,9
10464,2012,1,7
10464,2013,1,7
10464,2014,1,7
10464,2015,1,9
10465,2005,1,2
10465,2006,0,2
10465,2007,0,2
10465,2008,0,4
10465,2009,0,4
10465,2010,1,4
10465,2011,1,4
10465,2012,0,4
10465,2013,0,4
10465,2014,0,4
10465,2015,0,8
10466,2008,0,2
10466,2010,0,2
10466,2012,0,4
10466,2013,0,2
10466,2014,0,4
10466,2015,1,4
10467,2005,0,7
10467,2006,0,7
10467,2007,0,15
10467,2010,0,2
10467,2011,0,2
10467,2012,0,7
10467,2013,1,7
10467,2014,0,9
10467,2015,0,17
10468,2005,0,8
10468,2006,0,13
10468,2007,1,8
10468,2008,0,10
10468,2009,0,10
10468,2010,0,12
10468,2011,1,82
10468,2012,0,78
10468,2013,0,74
10468,2014,0,74
10468,2015,0,36
10469,2005,0,6
10469,2006,1,4
10469,2007,1,7
10469,2008,0,2
10469,2009,0,7
10469,2010,0,2
10469,2011,0,2
10469,2012,0,15
10469,2013,0,15
10469,2014,0,17
10469,2015,0,22
10470,2005,0,2
10470,2006,0,2
10470,2008,0,2
10470,2009,0,2
10470,2010,0,2
10470,2011,0,2
10470,2012,0,2
10470,2013,0,2
10470,2014,0,2
10470,2015,0,4
10471,2005,3,11
10471,2006,2,34
10471,2007,2,6
10471,2008,1,4
10471,2009,2,4
10471,2010,2,2
10471,2011,2,2
10471,2012,3,2
10471,2013,2,0
10471,2014,1,0
10471,2015,1,0
10472,2009,1,0
10472,2012,1,0
10472,2015,1,0
10473,2005,1,0
10473,2008,1,0
10473,2009,0,2
10473,2010,0,9
10473,2011,1,7
10473,2012,1,7
10473,2013,1,0
10473,2014,1,70
10473,2015,1,0
10474,2005,0,30
10474,2006,0,30
10474,2007,0,32
10474,2008,1,34
10474,2009,0,39
10474,2010,0,32
10474,2011,0,34
10474,2012,0,34
10474,2013,0,32
10474,2014,0,32
10474,2015,0,32
10475,2005,0,2
10475,2006,0,2
10475,2007,0,2
10475,2008,0,2
10475,2009,0,2
10475,2010,0,2
10475,2011,0,2
11004,2005,1,34
11004,2006,1,34
11004,2007,0,34
11004,2008,0,72
11004,2009,0,30
11004,2010,0,34
11004,2011,0,32
11004,2012,1,30
11004,2013,0,30
11004,2014,0,30
11004,2015,0,30
11101,2005,8,98
11101,2006,9,97
11101,2007,12,102
11101,2008,14,149
11101,2009,16,155
11101,2010,16,135
11101,2011,16,191
11101,2012,22,184
11101,2013,26,303
11101,2014,28,291
11101,2015,36,270
11102,2005,7,2
11102,2006,8,2
11102,2007,10,11
11102,2008,10,6
11102,2009,11,2
11102,2010,9,4
11102,2011,9,11
11102,2012,10,8
11102,2013,6,14
11102,2014,7,26
11102,2015,9,27
11103,2005,0,15
11103,2006,0,22
11103,2007,0,24
11103,2008,2,28
11103,2009,1,22
11103,2010,1,36
11103,2011,1,28
11103,2012,1,42
11103,2013,1,59
11103,2014,1,44
11103,2015,3,69
11104,2005,1,10
11104,2006,3,12
11104,2007,3,12
11104,2008,4,15
11104,2009,4,12
11104,2010,4,18
11104,2011,5,14
11104,2012,3,12
11104,2013,3,24
11104,2014,6,15
11104,2015,6,25
11105,2005,0,17
11105,2006,0,21
11105,2007,0,26
11105,2008,1,33
11105,2009,2,28
11105,2010,2,28
11105,2011,2,30
11105,2012,1,32
11105,2013,3,40
11105,2014,4,108
11105,2015,4,113
11106,2005,2,116
11106,2006,1,118
11106,2007,0,120
11106,2008,0,156
11106,2009,1,148
11106,2010,0,184
11106,2011,1,190
11106,2012,2,195
11106,2013,5,204
11106,2014,4,201
11106,2015,6,222
11109,2006,1,0
11109,2007,1,0
11109,2008,1,2
11109,2009,1,0
11109,2010,1,0
11109,2011,1,0
11109,2012,2,2
11109,2013,4,2
11109,2014,4,2
11109,2015,2,2
11201,2005,22,131
11201,2006,23,143
11201,2007,19,167
11201,2008,22,229
11201,2009,26,268
11201,2010,28,358
11201,2011,27,367
11201,2012,37,436
11201,2013,35,639
11201,2014,47,630
11201,2015,53,1143
11203,2005,0,6
11203,2006,1,6
11203,2007,0,18
11203,2008,1,6
11203,2009,1,6
11203,2010,0,11
11203,2011,1,34
11203,2012,1,74
11203,2013,0,74
11203,2014,0,34
11203,2015,1,81
11204,2005,3,6
11204,2006,4,6
11204,2007,3,4
11204,2008,4,6
11204,2009,3,10
11204,2010,2,14
11204,2011,2,18
11204,2012,1,16
11204,2013,2,19
11204,2014,2,21
11204,2015,1,26
11205,2005,6,21
11205,2006,8,25
11205,2007,10,2
11205,2008,10,9
11205,2009,11,21
11205,2010,13,44
11205,2011,11,26
11205,2012,16,52
11205,2013,20,92
11205,2014,23,66
11205,2015,22,73
11206,2005,1,15
11206,2006,1,17
11206,2007,4,30
11206,2008,8,34
11206,2009,6,21
11206,2010,4,25
11206,2011,5,49
11206,2012,7,16
11206,2013,4,29
11206,2014,7,65
11206,2015,6,80
11207,2005,0,2
11207,2006,0,4
11207,2007,0,4
11207,2011,0,2
11207,2012,0,2
11207,2013,0,4
11207,2014,1,4
11207,2015,0,2
11208,2005,2,4
11208,2006,2,4
11208,2007,1,4
11208,2008,1,0
11208,2009,1,0
11208,2010,2,0
11208,2011,1,0
11208,2012,1,0
11208,2013,1,0
11208,2014,2,0
11208,2015,2,0
11209,2005,2,4
11209,2006,4,2
11209,2007,4,8
11209,2008,3,9
11209,2009,4,6
11209,2010,6,6
11209,2011,5,6
11209,2012,4,11
11209,2013,4,13
11209,2014,3,23
11209,2015,5,23
11210,2005,2,4
11210,2006,1,9
11210,2007,0,2
11210,2008,0,6
11210,2009,0,6
11210,2010,0,6
11210,2011,1,6
11210,2012,2,10
11210,2013,3,6
11210,2014,2,4
11210,2015,2,2
11211,2005,17,104
11211,2006,20,150
11211,2007,19,133
11211,2008,24,101
11211,2009,28,125
11211,2010,28,140
11211,2011,36,158
11211,2012,33,180
11211,2013,40,193
11211,2014,42,209
11211,2015,45,248
11212,2005,1,4
11212,2006,1,2
11212,2007,1,2
11212,2008,0,4
11212,2009,0,2
11212,2010,1,6
11212,2011,0,30
11212,2012,1,30
11212,2013,1,0
11212,2014,3,2
11212,2015,3,0
11213,2005,1,219
11213,2006,0,226
11213,2007,2,221
11213,2008,0,232
11213,2009,1,232
11213,2010,1,249
11213,2011,1,245
11213,2012,2,249
11213,2013,1,266
11213,2014,1,125
11213,2015,2,143
11214,2005,2,16
11214,2006,2,20
11214,2007,1,16
11214,2008,3,14
11214,2009,1,10
11214,2010,1,12
11214,2011,1,14
11214,2012,1,18
11214,2013,1,21
11214,2014,4,15
11214,2015,2,8
11215,2005,27,135
11215,2006,25,168
11215,2007,33,177
11215,2008,42,133
11215,2009,41,149
11215,2010,44,152
11215,2011,43,174
11215,2012,56,184
11215,2013,51,210
11215,2014,51,243
11215,2015,58,357
11216,2005,2,7
11216,2006,3,7
11216,2007,2,34
11216,2008,5,33
11216,2009,4,26
11216,2010,5,41
11216,2011,7,45
11216,2012,8,53
11216,2013,7,56
11216,2014,8,70
11216,2015,8,68
11217,2005,12,208
11217,2006,11,231
11217,2007,16,265
11217,2008,18,329
11217,2009,20,304
11217,2010,21,264
11217,2011,20,259
11217,2012,24,389
11217,2013,26,504
11217,2014,22,416
11217,2015,30,501
11218,2005,3,14
11218,2006,2,16
11218,2007,4,45
11218,2008,1,65
11218,2009,1,74
11218,2010,3,64
11218,2011,4,51
11218,2012,3,81
11218,2013,4,78
11218,2014,4,83
11218,2015,8,91
11219,2005,5,2
11219,2006,1,15
11219,2007,2,11
11219,2008,0,6
11219,2009,0,8
11219,2010,1,10
11219,2011,1,10
11219,2012,1,18
11219,2013,1,12
11219,2014,1,10
11219,2015,2,12
11220,2005,1,13
11220,2006,0,21
11220,2007,0,19
11220,2008,0,38
11220,2009,0,36
11220,2010,1,36
11220,2011,1,36
11220,2012,3,6
11220,2013,5,10
11220,2014,3,8
11220,2015,2,21
11221,2005,2,4
11221,2006,1,2
11221,2007,1,0
11221,2008,0,4
11221,2009,0,13
11221,2010,1,21
11221,2011,0,6
11221,2012,0,2
11221,2013,0,4
11221,2014,3,4
11221,2015,4,8
11222,2005,3,16
11222,2006,4,29
11222,2007,3,53
11222,2008,7,33
11222,2009,10,37
11222,2010,10,52
11222,2011,12,56
11222,2012,20,124
11222,2013,23,117
11222,2014,28,182
11222,2015,34,134
11223,2005,2,22
11223,2006,1,13
11223,2007,1,8
11223,2008,0,9
11223,2009,0,6
11223,2010,1,6
11223,2011,1,8
11223,2012,0,17
11223,2013,0,12
11223,2014,0,10
11223,2015,0,10
11224,2005,0,4
11224,2006,0,2
11224,2007,0,7
11224,2008,0,15
11224,2009,0,7
11224,2010,0,7
11224,2011,0,17
11224,2012,1,17
11224,2013,1,21
11224,2014,2,13
11224,2015,1,13
11225,2005,1,4
11225,2006,1,0
11225,2007,2,4
11225,2008,3,6
11225,2009,2,8
11225,2010,1,10
11225,2011,0,12
11225,2012,2,10
11225,2013,2,82
11225,2014,1,14
11225,2015,2,16
11226,2005,0,15
11226,2006,0,23
11226,2007,1,6
11226,2008,3,10
11226,2009,4,10
11226,2010,3,10
11226,2011,2,17
11226,2012,2,25
11226,2013,3,29
11226,2014,4,29
11226,2015,6,210
11228,2005,0,4
11228,2006,0,2
11228,2007,1,2
11228,2008,1,2
11228,2009,2,4
11228,2010,1,6
11228,2011,1,12
11228,2012,2,27
11228,2013,2,78
11228,2014,5,50
11228,2015,3,44
11229,2005,1,4
11229,2006,1,6
11229,2007,3,4
11229,2008,2,2
11229,2009,2,4
11229,2010,4,4
11229,2011,5,8
11229,2012,3,4
11229,2013,6,4
11229,2014,6,2
11229,2015,7,2
11230,2005,4,15
11230,2006,1,12
11230,2007,1,10
11230,2008,2,10
11230,2009,3,8
11230,2010,3,8
11230,2011,2,10
11230,2012,2,8
11230,2013,3,8
11230,2014,3,6
11230,2015,1,6
11231,2005,13,64
11231,2006,12,83
11231,2007,14,95
11231,2008,14,68
11231,2009,14,73
11231,2010,18,83
11231,2011,26,127
11231,2012,26,121
11231,2013,31,149
11231,2014,30,126
11231,2015,30,512
11232,2005,1,70
11232,2006,1,70
11232,2007,0,74
11232,2008,0,76
11232,2009,0,72
11232,2010,0,74
11232,2011,1,78
11232,2012,1,86
11232,2013,1,51
11232,2014,1,29
11232,2015,4,23
11233,2006,0,2
11233,2010,1,0
11233,2011,1,0
11233,2012,1,0
11233,2013,1,0
11233,2014,3,4
11233,2015,3,6
11234,2005,2,17
11234,2006,2,15
11234,2007,3,20
11234,2008,3,20
11234,2009,2,22
11234,2010,2,22
11234,2011,3,12
11234,2012,4,14
11234,2013,3,14
11234,2014,3,10
11234,2015,2,10
11235,2005,2,8
11235,2006,2,14
11235,2007,1,20
11235,2008,2,18
11235,2009,3,26
11235,2010,3,20
11235,2011,3,20
11235,2012,4,18
11235,2013,4,22
11235,2014,5,22
11235,2015,6,24
11236,2005,0,6
11236,2006,0,8
11236,2007,1,8
11236,2008,2,10
11236,2009,1,10
11236,2010,1,6
11236,2011,0,8
11236,2012,0,8
11236,2013,0,6
11236,2014,0,4
11236,2015,1,4
11237,2005,0,7
11237,2006,0,6
11237,2007,0,13
11237,2008,0,15
11237,2009,2,13
11237,2010,3,15
11237,2011,4,30
11237,2012,6,27
11237,2013,7,15
11237,2014,6,17
11237,2015,8,28
11238,2005,14,380
11238,2006,13,392
11238,2007,13,394
11238,2008,21,426
11238,2009,23,435
11238,2010,24,446
11238,2011,22,453
11238,2012,27,479
11238,2013,25,554
11238,2014,27,601
11238,2015,32,591
11242,2010,0,2
11242,2011,0,2
11242,2012,0,2
11242,2013,0,2
11242,2014,0,2
11242,2015,0,2
11243,2005,0,70
11243,2006,0,15
11249,2010,1,14
11249,2011,3,10
11249,2012,6,27
11249,2013,7,71
11249,2014,11,71
11249,2015,14,89
11354,2005,2,36
11354,2006,2,35
11354,2007,2,25
11354,2008,2,27
11354,2009,4,17
11354,2010,5,21
11354,2011,4,39
11354,2012,3,57
11354,2013,5,64
11354,2014,5,60
11354,2015,2,58
11355,2005,3,36
11355,2006,3,34
11355,2007,6,4
11355,2008,5,4
11355,2009,4,4
11355,2010,4,8
11355,2011,5,8
11355,2012,5,15
11355,2013,5,15
11355,2014,3,13
11355,2015,3,15
11356,2005,1,2
11356,2006,1,4
11356,2007,2,17
11356,2008,2,17
11356,2009,1,17
11356,2010,1,17
11356,2011,1,19
11356,2012,1,23
11356,2013,1,18
11356,2014,2,13
11356,2015,1,16
11357,2005,4,22
11357,2006,3,16
11357,2007,3,18
11357,2008,3,16
11357,2009,3,24
11357,2010,4,31
11357,2011,3,22
11357,2012,3,33
11357,2013,4,31
11357,2014,5,31
11357,2015,3,33
11358,2005,1,33
11358,2006,1,37
11358,2007,0,31
11358,2008,1,24
11358,2009,1,24
11358,2010,1,22
11358,2011,1,26
11358,2012,3,31
11358,2013,1,31
11358,2014,1,29
11358,2015,1,36
11359,2005,0,2
11359,2006,0,2
11359,2007,0,2
11359,2012,0,2
11360,2005,3,13
11360,2006,2,21
11360,2007,1,23
11360,2008,1,19
11360,2009,1,22
11360,2010,1,17
11360,2011,1,20
11360,2012,1,11
11360,2013,2,13
11360,2014,1,11
11360,2015,0,11
11361,2005,0,25
11361,2006,0,26
11361,2007,0,9
11361,2008,1,13
11361,2009,1,17
11361,2010,0,21
11361,2011,0,24
11361,2012,0,30
11361,2013,0,30
11361,2014,1,32
11361,2015,1,23
11362,2005,0,2
11362,2006,0,7
11362,2007,0,7
11362,2008,0,9
11362,2009,0,7
11362,2010,1,7
11362,2011,0,7
11362,2012,0,7
11362,2013,0,2
11362,2014,0,2
11362,2015,0,6
11363,2005,1,17
11363,2006,0,22
11363,2007,0,19
11363,2008,2,2
11363,2009,3,2
11363,2010,0,2
11363,2011,0,2
11363,2012,0,9
11363,2013,0,7
11363,2014,0,11
11363,2015,1,11
11364,2005,0,9
11364,2006,0,19
11364,2007,0,11
11364,2008,1,11
11364,2009,1,11
11364,2010,1,13
11364,2011,1,17
11364,2012,0,12
11364,2013,0,6
11364,2014,0,6
11364,2015,0,4
11365,2005,1,34
11365,2006,0,36
11365,2007,2,8
11365,2008,2,8
11365,2009,1,13
11365,2010,1,13
11365,2011,1,22
11365,2012,1,15
11365,2013,1,15
11365,2014,1,17
11365,2015,1,34
11366,2005,2,24
11366,2006,2,16
11366,2007,2,24
11366,2008,2,24
11366,2009,2,24
11366,2010,1,24
11366,2011,0,24
11366,2012,0,21
11366,2013,0,21
11366,2014,0,19
11366,2015,0,24
11367,2005,1,2
11367,2006,0,7
11367,2007,2,0
11367,2008,4,0
11367,2009,4,15
11367,2010,4,30
11367,2011,2,2
11367,2012,1,4
11367,2013,2,4
11367,2014,3,4
11367,2015,2,4
11368,2005,0,510
11368,2006,0,472
11368,2007,1,440
11368,2008,1,440
11368,2009,0,440
11368,2010,1,440
11368,2011,0,240
11368,2012,1,310
11368,2013,1,470
11368,2014,2,470
11368,2015,1,572
11369,2005,0,2
11369,2006,0,2
11369,2012,0,2
11372,2005,2,13
11372,2006,1,10
11372,2007,2,24
11372,2008,1,16
11372,2009,1,30
11372,2010,2,36
11372,2011,1,42
11372,2012,5,38
11372,2013,7,28
11372,2014,5,38
11372,2015,5,28
11373,2005,2,4
11373,2006,0,2
11373,2007,1,6
11373,2008,0,8
11373,2011,1,0
11373,2012,2,0
11373,2013,2,0
11373,2014,1,0
11373,2015,2,2
11374,2005,1,8
11374,2006,1,25
11374,2007,2,11
11374,2008,1,21
11374,2009,1,23
11374,2010,1,20
11374,2011,0,24
11374,2012,0,19
11374,2013,0,19
11374,2014,0,19
11374,2015,0,13
11375,2005,6,44
11375,2006,6,14
11375,2007,5,20
11375,2008,4,36
11375,2009,4,49
11375,2010,6,49
11375,2011,6,41
11375,2012,7,59
11375,2013,8,81
11375,2014,9,60
11375,2015,7,65
11377,2005,0,4
11377,2006,0,6
11377,2007,1,8
11377,2008,1,6
11377,2009,0,8
11377,2010,1,8
11377,2011,3,25
11377,2012,2,12
11377,2013,2,10
11377,2014,3,14
11377,2015,5,19
11378,2005,2,2
11378,2006,2,2
11378,2007,2,2
11378,2008,2,4
11378,2009,1,2
11378,2010,0,2
11378,2011,0,2
11378,2012,0,2
11378,2013,0,2
11378,2014,1,2
11378,2015,0,4
11379,2005,1,11
11379,2006,1,13
11379,2007,1,13
11379,2008,1,16
11379,2009,1,13
11379,2010,1,13
11379,2011,1,13
11379,2012,1,22
11379,2013,1,13
11379,2014,1,13
11379,2015,1,16
11385,2005,1,17
11385,2006,1,13
11385,2007,1,76
11385,2008,1,6
11385,2009,0,8
11385,2010,0,6
11385,2011,0,10
11385,2012,1,6
11385,2013,1,10
11385,2014,3,10
11385,2015,5,14
11411,2007,0,2
11411,2008,0,4
11411,2009,0,4
11411,2010,0,8
11411,2011,0,4
11411,2012,0,4
11411,2013,0,6
11411,2014,0,4
11411,2015,0,2
11412,2005,0,2
11412,2006,0,2
11412,2007,0,7
11412,2008,0,4
11412,2009,0,9
11412,2010,0,4
11412,2011,0,9
11412,2012,0,4
11412,2013,0,4
11412,2014,0,9
11412,2015,0,37
11413,2005,0,17
11413,2006,0,15
11413,2007,0,15
11413,2008,0,37
11413,2009,0,30
11413,2010,0,30
11413,2011,0,30
11413,2012,0,30
11413,2013,0,30
11413,2014,0,30
11413,2015,0,30
11414,2005,0,20
11414,2006,0,28
11414,2007,1,28
11414,2008,0,31
11414,2009,1,18
11414,2010,1,16
11414,2011,1,21
11414,2012,1,23
11414,2013,1,31
11414,2014,3,31
11414,2015,4,31
11415,2005,1,0
11415,2006,1,0
11415,2007,1,0
11415,2008,1,0
11415,2009,1,0
11415,2010,1,0
11415,2011,1,0
11415,2012,1,0
11415,2013,2,0
11415,2014,1,0
11415,2015,2,2
11416,2005,0,2
11416,2006,0,4
11416,2007,0,2
11416,2008,0,2
11416,2009,0,2
11416,2010,0,4
11416,2011,0,2
11416,2012,0,2
11416,2013,0,4
11416,2014,0,2
11416,2015,1,2
11417,2005,0,15
11417,2006,0,30
11417,2007,0,15
11417,2008,0,30
11417,2009,0,30
11417,2010,0,17
11417,2011,0,17
11417,2012,0,17
11417,2013,0,30
11417,2014,0,30
11417,2015,0,15
11418,2005,0,2
11418,2006,0,4
11418,2007,0,4
11418,2008,0,6
11418,2009,0,6
11418,2010,0,4
11418,2011,0,6
11418,2012,0,6
11418,2013,0,6
11418,2014,0,10
11418,2015,0,13
11419,2005,0,4
11419,2006,0,4
11419,2007,0,2
11419,2012,1,2
11419,2013,2,4
11419,2014,1,4
11419,2015,1,2
11420,2012,1,0
11420,2013,1,0
11421,2005,0,4
11421,2006,0,4
11421,2007,1,9
11421,2008,2,4
11421,2009,3,4
11421,2010,3,4
11421,2011,4,4
11421,2012,4,6
11421,2013,4,6
11421,2014,2,4
11421,2015,2,4
11422,2005,1,11
11422,2006,2,16
11422,2007,1,9
11422,2008,1,7
11422,2009,2,7
11422,2010,2,7
11422,2011,2,7
11422,2012,1,7
11422,2013,0,7
11422,2014,0,9
11422,2015,1,0
11423,2005,0,2
11423,2006,0,2
11423,2007,0,2
11423,2008,1,2
11423,2009,0,2
11423,2010,0,2
11423,2011,1,4
11423,2012,0,2
11423,2013,0,2
11423,2014,0,2
11423,2015,0,2
11426,2009,0,2
11426,2010,0,2
11426,2011,0,2
11426,2012,0,4
11426,2013,0,2
11427,2005,0,4
11427,2006,0,4
11427,2007,1,4
11427,2008,1,2
11427,2009,1,2
11427,2010,1,2
11427,2011,1,2
11427,2014,1,4
11427,2015,1,4
11428,2005,0,13
11428,2006,0,11
11428,2007,0,6
11428,2008,0,4
11428,2009,0,2
11428,2010,0,4
11428,2011,0,2
11428,2012,0,2
11428,2013,0,7
11428,2014,0,4
11428,2015,0,4
11429,2006,1,0
11429,2010,1,0
11429,2013,0,2
11429,2014,0,2
11429,2015,1,4
11432,2005,0,10
11432,2006,0,6
11432,2007,0,6
11432,2008,1,6
11432,2009,1,6
11432,2010,1,4
11432,2011,0,6
11432,2012,1,2
11432,2013,1,0
11432,2014,1,0
11432,2015,0,2
11434,2005,0,4
11434,2006,0,4
11434,2007,1,4
11434,2008,1,4
11434,2009,1,6
11434,2010,1,6
11434,2011,1,6
11434,2012,1,17
11434,2013,1,19
11434,2014,1,19
11434,2015,1,21
11435,2005,1,7
11435,2006,1,7
11435,2007,1,7
11435,2008,1,7
11435,2009,1,7
11435,2010,1,11
11435,2011,1,11
11435,2012,0,11
11435,2013,0,9
11435,2014,0,11
11435,2015,0,17
11436,2005,1,0
11436,2006,1,0
11436,2007,0,2
11436,2008,1,0
11436,2009,1,0
11436,2010,1,0
11436,2011,1,0
11691,2008,1,0
11691,2014,0,2
11691,2015,0,2
11692,2013,0,2
11692,2014,0,2
11692,2015,0,2
11693,2005,0,2
11693,2011,1,0
11693,2012,1,0
11693,2013,1,0
11693,2014,1,0
11693,2015,1,2
11694,2005,1,24
11694,2006,1,2
11694,2007,1,4
11694,2008,1,4
11694,2009,3,4
11694,2010,2,4
11694,2011,0,4
11694,2012,0,9
11694,2013,0,9
11694,2014,0,2
11694,2015,1,2
