"zip","year","awards","dollars"
10001,1987,64,964400
10001,1988,54,580000
10001,1989,54,549600
10001,1990,50,543720
10001,1991,64,537510
10001,1992,82,279610
10001,1993,44,254428
10001,1994,48,332852
10001,1995,58,514438
10001,1996,66,434420
10001,1997,76,609450
10001,1998,102,1187646
10001,1999,126,1645076
10001,2000,138,2017946
10001,2001,160,2627284
10001,2002,144,1522156
10001,2003,126,1435484
10001,2004,128,1250550
10001,2005,132,1434220
10001,2006,154,1554800
10001,2007,152,1859500
10001,2008,158,1900800
10001,2009,110,1364700
10001,2010,122,1344842
10001,2011,124,1250924
10001,2012,122,1184920
10001,2013,114,1331482
10001,2014,8,103000
10001,2015,136,1846234
10001,2016,152,2321318
10002,1987,96,842590
10002,1988,98,888500
10002,1989,150,1112818
10002,1990,116,1125334
10002,1991,86,945104
10002,1992,74,442948
10002,1993,62,496896
10002,1994,56,473132
10002,1995,68,626016
10002,1996,72,529624
10002,1997,58,475548
10002,1998,60,754160
10002,1999,66,813324
10002,2000,62,777694
10002,2001,80,1081142
10002,2002,70,864550
10002,2003,78,994950
10002,2004,76,759910
10002,2005,68,722600
10002,2006,64,696800
10002,2007,72,896620
10002,2008,80,1105220
10002,2009,66,1245080
10002,2010,120,1961992
10002,2011,98,1429502
10002,2012,96,1375000
10002,2013,82,1724610
10002,2014,18,265400
10002,2015,80,1529740
10002,2016,90,1747840
10003,1986,2,10000
10003,1987,336,5792028
10003,1988,346,6069570
10003,1989,432,6392874
10003,1990,352,6441068
10003,1991,254,4715432
10003,1992,338,2960432
10003,1993,182,2288554
10003,1994,186,2702710
10003,1995,208,3023748
10003,1996,222,2674220
10003,1997,258,2949730
10003,1998,216,3385132
10003,1999,224,3988900
10003,2000,186,3936998
10003,2001,210,4731552
10003,2002,206,4113440
10003,2003,218,4145660
10003,2004,188,3309694
10003,2005,210,3433934
10003,2006,196,3028352
10003,2007,204,3334452
10003,2008,222,3868788
10003,2009,130,2466000
10003,2010,182,3134836
10003,2011,168,2740936
10003,2012,196,2832286
10003,2013,168,2756216
10003,2014,26,357800
10003,2015,174,2931764
10003,2016,176,2984682
10004,1987,22,178434
10004,1988,18,135520
10004,1989,20,134926
10004,1990,10,43100
10004,1991,4,17100
10004,1992,8,10156
10004,1993,4,10842
10004,1994,4,9586
10004,1995,4,20000
10004,1996,4,10616
10004,1997,6,15272
10004,1998,4,37700
10004,1999,10,239400
10004,2000,20,411500
10004,2001,10,145800
10004,2002,20,208700
10004,2003,14,205500
10004,2004,10,167400
10004,2005,10,73600
10004,2006,6,210600
10004,2007,18,2552116
10004,2008,24,507000
10004,2009,24,704610
10004,2010,26,872088
10004,2011,22,690916
10004,2012,30,575446
10004,2013,38,1117230
10004,2014,2,22250
10004,2015,58,1387942
10004,2016,68,1457828
10005,2004,18,785370
10005,2005,20,824800
10005,2007,2,26000
10005,2008,4,48600
10005,2009,6,53000
10005,2010,6,64000
10005,2011,4,89406
10005,2012,8,96000
10005,2013,4,46000
10005,2015,4,18200
10006,1994,2,2000
10006,1995,2,4000
10006,1996,2,3860
10006,1998,2,7000
10006,1999,4,12000
10006,2000,2,12000
10006,2001,2,10000
10006,2002,2,9000
10006,2003,2,9000
10006,2004,2,9000
10006,2005,2,8800
10006,2007,6,136228
10006,2008,4,55000
10006,2009,2,39200
10006,2010,4,52888
10006,2016,2,20000
10007,1987,64,493580
10007,1988,80,490076
10007,1989,74,479000
10007,1990,56,472844
10007,1991,60,459672
10007,1992,54,287868
10007,1993,28,173930
10007,1994,28,188654
10007,1995,22,191800
10007,1996,14,69530
10007,1997,12,43668
10007,1998,8,50000
10007,1999,4,39200
10007,2000,2,33000
10007,2002,2,4000
10007,2004,6,54000
10007,2006,2,5000
10007,2007,18,155000
10007,2008,18,134400
10007,2009,14,96400
10007,2010,16,131332
10007,2011,12,84460
10007,2012,12,82880
10007,2013,16,103360
10007,2015,6,57800
10007,2016,12,209000
10009,1987,80,591310
10009,1988,106,797738
10009,1989,142,1195102
10009,1990,116,988720
10009,1991,104,918338
10009,1992,146,697612
10009,1993,72,369196
10009,1994,58,396538
10009,1995,74,551274
10009,1996,72,552818
10009,1997,68,555162
10009,1998,62,570526
10009,1999,62,590772
10009,2000,72,776600
10009,2001,64,678404
10009,2002,70,699250
10009,2003,56,628920
10009,2004,44,588090
10009,2005,54,496000
10009,2006,58,615200
10009,2007,40,426330
10009,2008,44,514800
10009,2009,28,422000
10009,2010,34,465732
10009,2011,26,305794
10009,2012,42,424164
10009,2013,32,360200
10009,2014,2,10000
10009,2015,42,453600
10009,2016,44,566900
10010,1986,4,5000
10010,1987,44,405600
10010,1988,28,254000
10010,1989,50,448670
10010,1990,48,463136
10010,1991,40,353198
10010,1992,38,269490
10010,1993,38,196798
10010,1994,38,261374
10010,1995,40,399832
10010,1996,36,363600
10010,1997,50,618752
10010,1998,40,680356
10010,1999,54,785282
10010,2000,56,767378
10010,2001,58,927686
10010,2002,40,523872
10010,2003,44,663764
10010,2004,54,616872
10010,2005,52,556800
10010,2006,70,819528
10010,2007,46,698170
10010,2008,48,586900
10010,2009,38,477200
10010,2010,24,176382
10010,2011,18,173734
10010,2012,22,179140
10010,2013,32,412028
10010,2015,12,160400
10010,2016,20,255700
10011,1986,2,4000
10011,1987,148,1824460
10011,1988,160,2092868
10011,1989,180,2085388
10011,1990,212,2508924
10011,1991,180,2163878
10011,1992,232,1410480
10011,1993,142,1298336
10011,1994,142,1378432
10011,1995,164,1547856
10011,1996,170,1435306
10011,1997,138,1341494
10011,1998,114,1608356
10011,1999,100,1566844
10011,2000,106,1772190
10011,2001,144,1967520
10011,2002,130,1875960
10011,2003,160,2216346
10011,2004,146,1765816
10011,2005,158,1948332
10011,2006,120,1617278
10011,2007,140,2225078
10011,2008,138,2307396
10011,2009,110,1798642
10011,2010,138,2186204
10011,2011,120,1785758
10011,2012,106,1412726
10011,2013,108,1602202
10011,2014,34,487564
10011,2015,86,1261200
10011,2016,78,1628096
10012,1987,302,3194156
10012,1988,352,4444928
10012,1989,452,5241066
10012,1990,416,5482246
10012,1991,366,5101356
10012,1992,374,3025888
10012,1993,204,2062592
10012,1994,230,2465210
10012,1995,224,2628040
10012,1996,204,2105680
10012,1997,268,2855914
10012,1998,156,2527676
10012,1999,164,2777684
10012,2000,228,8157368
10012,2001,144,2815450
10012,2002,166,2806360
10012,2003,170,2718750
10012,2004,148,2147900
10012,2005,136,1824300
10012,2006,152,1869758
10012,2007,158,2352900
10012,2008,168,2492478
10012,2009,132,1777656
10012,2010,122,1235018
10012,2011,118,1283760
10012,2012,94,957946
10012,2013,90,938180
10012,2014,10,277000
10012,2015,100,1095400
10012,2016,70,875300
10013,1986,2,4000
10013,1987,336,3784324
10013,1988,338,4038496
10013,1989,414,4201394
10013,1990,340,4189746
10013,1991,338,8748004
10013,1992,348,4943276
10013,1993,230,4438420
10013,1994,288,5381188
10013,1995,346,6622764
10013,1996,336,5823812
10013,1997,370,6791468
10013,1998,258,7968912
10013,1999,254,7570844
10013,2000,212,3543552
10013,2001,318,10504474
10013,2002,324,9347940
10013,2003,308,8984194
10013,2004,256,6064502
10013,2005,278,6134240
10013,2006,248,5459860
10013,2007,234,5752486
10013,2008,280,7120010
10013,2009,196,6616576
10013,2010,224,3186614
10013,2011,204,3031258
10013,2012,212,2954084
10013,2013,202,2943630
10013,2014,6,41000
10013,2015,116,1624860
10013,2016,110,1733950
10014,1986,2,17200
10014,1987,72,734400
10014,1988,98,964796
10014,1989,98,1168250
10014,1990,114,1365434
10014,1991,82,1126092
10014,1992,100,657272
10014,1993,72,585352
10014,1994,66,571668
10014,1995,68,653170
10014,1996,66,478002
10014,1997,60,536420
10014,1998,54,596108
10014,1999,74,1420802
10014,2000,64,1361598
10014,2001,68,1498802
10014,2002,66,1191900
10014,2003,60,1153300
10014,2004,62,791550
10014,2005,78,866718
10014,2006,68,926478
10014,2007,62,913340
10014,2008,68,1394854
10014,2009,50,901200
10014,2010,68,1025108
10014,2011,56,717038
10014,2012,56,727720
10014,2013,72,1008300
10014,2014,14,168200
10014,2015,80,1342840
10014,2016,80,1444698
10016,1986,2,2232
10016,1987,40,536800
10016,1988,30,513040
10016,1989,52,597700
10016,1990,28,548360
10016,1991,26,440000
10016,1992,26,299208
10016,1993,14,220578
10016,1994,12,243092
10016,1995,28,342506
10016,1996,24,306686
10016,1997,34,336622
10016,1998,22,345904
10016,1999,40,455018
10016,2000,20,244092
10016,2001,38,539190
10016,2002,40,504110
10016,2003,40,584910
10016,2004,36,413800
10016,2005,26,340800
10016,2006,40,493000
10016,2007,50,554660
10016,2008,56,697750
10016,2009,28,475200
10016,2010,42,516480
10016,2011,50,552414
10016,2012,48,497048
10016,2013,58,695230
10016,2014,6,37200
10016,2015,38,589720
10016,2016,44,814086
10017,1986,2,2000
10017,1987,28,258000
10017,1988,28,254446
10017,1989,32,248246
10017,1990,38,412100
10017,1991,32,348760
10017,1992,30,138900
10017,1993,14,83372
10017,1994,22,111680
10017,1995,22,136000
10017,1996,14,108612
10017,1997,20,126866
10017,1998,12,104292
10017,1999,16,136438
10017,2000,12,166580
10017,2001,14,252594
10017,2002,10,157400
10017,2003,10,171400
10017,2004,20,220952
10017,2005,20,136244
10017,2006,22,198300
10017,2007,40,339850
10017,2008,24,253600
10017,2009,20,179448
10017,2010,34,296242
10017,2011,30,295742
10017,2012,26,218000
10017,2013,26,233392
10017,2014,4,14200
10017,2015,26,260832
10017,2016,26,278772
10018,1987,96,796242
10018,1988,96,1078836
10018,1989,84,929122
10018,1990,64,721454
10018,1991,48,491560
10018,1992,64,374112
10018,1993,22,170444
10018,1994,32,332358
10018,1995,20,222600
10018,1996,24,231748
10018,1997,18,188332
10018,1998,44,778592
10018,1999,72,1419306
10018,2000,78,1811640
10018,2001,82,1967850
10018,2002,110,2426126
10018,2003,136,2580994
10018,2004,182,2860604
10018,2005,192,3043200
10018,2006,200,3410600
10018,2007,230,4065008
10018,2008,228,4532798
10018,2009,162,3081000
10018,2010,190,3588916
10018,2011,166,2807384
10018,2012,176,2663984
10018,2013,172,2550842
10018,2014,12,309600
10018,2015,132,2290730
10018,2016,122,2229492
10019,1986,4,7096
10019,1987,180,4666040
10019,1988,186,4527350
10019,1989,174,4243858
10019,1990,166,4388254
10019,1991,128,3353388
10019,1992,122,1847420
10019,1993,82,1452418
10019,1994,116,1808012
10019,1995,140,2070360
10019,1996,108,1449676
10019,1997,132,1851126
10019,1998,96,1891300
10019,1999,82,1679188
10019,2000,98,2289976
10019,2001,86,2268084
10019,2002,74,1801450
10019,2003,78,1768350
10019,2004,80,1676600
10019,2005,98,2080576
10019,2006,94,2131200
10019,2007,98,2469410
10019,2008,110,2568000
10019,2009,66,2245400
10019,2010,88,1658084
10019,2011,100,1702272
10019,2012,96,1618024
10019,2013,82,1467164
10019,2014,14,325000
10019,2015,80,1577172
10019,2016,82,1614272
10020,1987,14,24040
10020,1988,10,20000
10020,2005,2,10000
10021,1987,78,935300
10021,1988,80,883700
10021,1989,86,1005000
10021,1990,84,1190886
10021,1991,80,1020200
10021,1992,74,659602
10021,1993,46,470190
10021,1994,44,552014
10021,1995,64,749150
10021,1996,58,663304
10021,1997,70,648178
10021,1998,50,550152
10021,1999,44,547804
10021,2000,50,594048
10021,2001,34,546440
10021,2002,50,555400
10021,2003,48,547200
10021,2004,54,609800
10021,2005,46,465700
10021,2006,50,685300
10021,2007,62,1012350
10021,2008,50,762800
10021,2009,14,378600
10021,2010,32,418550
10021,2011,36,461440
10021,2012,28,411328
10021,2013,20,371800
10021,2015,12,166000
10021,2016,14,174000
10022,1987,34,380400
10022,1988,38,392140
10022,1989,34,334600
10022,1990,28,387010
10022,1991,32,532608
10022,1992,34,346276
10022,1993,34,624212
10022,1994,38,488918
10022,1995,44,565622
10022,1996,40,465862
10022,1997,56,633078
10022,1998,36,681184
10022,1999,44,770062
10022,2000,54,1164356
10022,2001,58,1197516
10022,2002,56,1059600
10022,2003,52,949420
10022,2004,48,945610
10022,2005,56,1521060
10022,2006,40,947800
10022,2007,54,1059480
10022,2008,54,1036250
10022,2009,42,891100
10022,2010,60,1043764
10022,2011,34,550100
10022,2012,22,317680
10022,2013,30,426318
10022,2014,2,30000
10022,2015,18,180000
10022,2016,18,181000
10023,1986,4,18812
10023,1987,198,7725518
10023,1988,198,7685916
10023,1989,266,8440468
10023,1990,202,8987372
10023,1991,170,7083880
10023,1992,172,3690186
10023,1993,128,2980222
10023,1994,112,3314772
10023,1995,156,4036916
10023,1996,132,3375406
10023,1997,172,3519370
10023,1998,122,4187736
10023,1999,114,4334094
10023,2000,106,4849428
10023,2001,106,4776972
10023,2002,110,4489420
10023,2003,110,4446550
10023,2004,108,3592360
10023,2005,98,3056800
10023,2006,110,3195300
10023,2007,118,3480580
10023,2008,116,4028220
10023,2009,86,3625600
10023,2010,108,3330078
10023,2011,102,2645324
10023,2012,110,2444200
10023,2013,84,1974618
10023,2014,22,871632
10023,2015,78,1892638
10023,2016,84,1987642
10024,1986,2,14000
10024,1987,118,2166666
10024,1988,124,2290356
10024,1989,130,2355674
10024,1990,122,2404180
10024,1991,74,1818700
10024,1992,84,1048518
10024,1993,82,883146
10024,1994,58,819850
10024,1995,66,1153100
10024,1996,58,451594
10024,1997,90,1045364
10024,1998,78,1253364
10024,1999,72,1448608
10024,2000,60,1305386
10024,2001,68,1577728
10024,2002,70,1436268
10024,2003,74,1452868
10024,2004,56,1058200
10024,2005,60,1104942
10024,2006,64,1098200
10024,2007,60,1225650
10024,2008,74,1582400
10024,2009,56,1413200
10024,2010,70,1388102
10024,2011,68,1232884
10024,2012,62,1047260
10024,2013,48,1001720
10024,2014,32,776040
10024,2015,46,1037534
10024,2016,34,905334
10025,1987,170,1158360
10025,1988,172,1279900
10025,1989,200,1338172
10025,1990,180,1337490
10025,1991,152,1382710
10025,1992,164,687312
10025,1993,110,580306
10025,1994,102,667558
10025,1995,108,738338
10025,1996,118,658504
10025,1997,140,688904
10025,1998,88,756026
10025,1999,86,817142
10025,2000,80,849798
10025,2001,90,1083258
10025,2002,92,871390
10025,2003,88,926300
10025,2004,96,794260
10025,2005,90,853122
10025,2006,84,732600
10025,2007,88,849550
10025,2008,100,1120200
10025,2009,60,772800
10025,2010,80,709332
10025,2011,72,728974
10025,2012,70,507048
10025,2013,66,464612
10025,2014,6,40000
10025,2015,60,669700
10025,2016,56,701668
10026,1990,2,1452
10026,1996,2,11580
10026,1997,4,25518
10026,1998,2,28000
10026,1999,2,29680
10026,2004,2,8000
10026,2005,2,8000
10026,2010,2,10000
10026,2011,2,8308
10026,2012,4,12000
10026,2013,6,14000
10026,2014,4,16644
10027,1987,94,1104836
10027,1988,90,1192550
10027,1989,114,1362092
10027,1990,98,1372012
10027,1991,66,1118970
10027,1992,52,669428
10027,1993,40,543764
10027,1994,50,682466
10027,1995,54,770834
10027,1996,46,600342
10027,1997,52,603122
10027,1998,44,800134
10027,1999,44,800094
10027,2000,40,829540
10027,2001,38,892560
10027,2002,46,909250
10027,2003,44,833800
10027,2004,52,791510
10027,2005,46,797000
10027,2006,44,766500
10027,2007,62,986414
10027,2008,70,1099236
10027,2009,44,866200
10027,2010,42,977272
10027,2011,40,802904
10027,2012,40,658940
10027,2013,36,862780
10027,2014,8,60000
10027,2015,38,703000
10027,2016,36,668200
10028,1986,2,9600
10028,1987,28,1550538
10028,1988,58,1949650
10028,1989,38,1639200
10028,1990,30,1633490
10028,1991,26,1395602
10028,1992,16,573560
10028,1993,8,415466
10028,1994,8,441670
10028,1995,12,647100
10028,1996,18,720470
10028,1997,24,539014
10028,1998,6,445000
10028,1999,4,460000
10028,2000,6,490760
10028,2001,12,585000
10028,2002,10,514600
10028,2003,10,514600
10028,2004,12,440200
10028,2005,18,482812
10028,2006,8,420000
10028,2007,8,441000
10028,2008,12,510000
10028,2009,8,480400
10028,2010,12,440482
10028,2011,8,314106
10028,2012,6,284720
10028,2013,10,310720
10028,2015,8,273064
10028,2016,8,287064
10029,1987,78,914000
10029,1988,58,679878
10029,1989,122,1379650
10029,1990,126,1481390
10029,1991,86,1130204
10029,1992,90,618690
10029,1993,52,471846
10029,1994,58,634238
10029,1995,60,668202
10029,1996,46,512520
10029,1997,58,562512
10029,1998,34,612946
10029,1999,36,633634
10029,2000,46,854170
10029,2001,40,798400
10029,2002,44,855700
10029,2003,52,868400
10029,2004,42,718882
10029,2005,44,922600
10029,2006,62,982200
10029,2007,58,1124260
10029,2008,68,1238000
10029,2009,40,878800
10029,2010,40,754730
10029,2011,40,666388
10029,2012,38,614090
10029,2013,30,569920
10029,2014,8,126782
10029,2015,26,492082
10029,2016,28,570990
10030,1987,24,339000
10030,1988,16,321274
10030,1989,16,244500
10030,1990,16,646700
10030,1991,18,330880
10030,1992,20,229910
10030,1993,18,256848
10030,1994,20,456324
10030,1995,22,696522
10030,1996,20,521532
10030,1997,18,684956
10030,1998,14,639168
10030,1999,12,648102
10030,2000,22,6e+05
10030,2001,20,522182
10030,2002,12,494400
10030,2003,18,536600
10030,2004,20,466160
10030,2005,22,575400
10030,2006,14,483200
10030,2007,16,500790
10030,2008,12,681600
10030,2009,8,549400
10030,2010,10,268932
10030,2011,8,78922
10030,2012,20,161480
10030,2013,14,121240
10030,2015,12,118200
10030,2016,4,40000
10031,1987,32,330400
10031,1988,46,974600
10031,1989,30,1017800
10031,1990,30,1127560
10031,1991,24,906800
10031,1992,30,573398
10031,1993,24,461856
10031,1994,24,528886
10031,1995,26,560710
10031,1996,40,586306
10031,1997,50,670894
10031,1998,38,784838
10031,1999,46,941000
10031,2000,42,1078840
10031,2001,36,1084232
10031,2002,46,1147038
10031,2003,36,991200
10031,2004,32,786700
10031,2005,36,652900
10031,2006,30,631600
10031,2007,32,619850
10031,2008,20,507700
10031,2009,10,240800
10031,2010,20,594528
10031,2011,16,444062
10031,2012,14,296700
10031,2013,16,382700
10031,2014,4,162680
10031,2015,12,319612
10031,2016,18,500612
10032,1987,20,285750
10032,1988,22,276550
10032,1989,34,344988
10032,1990,6,24000
10032,1991,6,10200
10032,1992,4,3640
10032,1993,2,1000
10032,1995,2,16000
10032,1996,4,16792
10032,1997,2,6000
10032,1998,4,27000
10032,1999,6,54200
10032,2000,2,21200
10032,2001,8,74000
10032,2002,8,83000
10032,2003,4,42000
10032,2004,6,39200
10032,2005,4,28400
10032,2006,6,40200
10032,2007,8,49280
10032,2008,4,33600
10032,2009,6,48800
10032,2010,10,73540
10032,2011,12,82284
10032,2012,16,123020
10032,2013,16,153460
10032,2015,16,145060
10032,2016,8,56544
10033,1987,4,4000
10033,1988,10,26000
10033,1989,14,40000
10033,1990,18,72000
10033,1991,8,52000
10033,1992,4,29400
10033,1993,12,56050
10033,1994,2,6960
10033,1995,4,42000
10033,1996,4,13510
10033,1997,2,12600
10033,1998,4,14000
10033,1999,4,7000
10033,2000,2,4000
10033,2001,2,5000
10033,2002,4,12200
10033,2003,2,5000
10033,2004,4,43200
10033,2005,4,25800
10033,2006,6,30000
10033,2007,4,20300
10033,2008,2,15000
10033,2009,4,19800
10033,2010,6,23822
10033,2011,6,32242
10033,2012,20,223680
10033,2013,14,91280
10033,2014,4,16000
10033,2015,8,51600
10033,2016,6,41600
10034,2005,2,9800
10034,2006,2,9800
10034,2007,2,9920
10034,2008,6,43000
10034,2009,4,23000
10034,2010,4,25000
10034,2011,6,26506
10034,2012,4,23330
10034,2013,4,22000
10034,2015,8,52000
10034,2016,12,87000
10035,1987,4,33000
10035,1988,4,33600
10035,1989,4,34000
10035,1990,6,54000
10035,1991,4,93740
10035,1992,6,43536
10035,1993,8,101656
10035,1994,4,80000
10035,1995,6,180000
10035,1996,8,175824
10035,1997,22,244274
10035,1998,12,189200
10035,1999,10,204600
10035,2000,4,194000
10035,2001,4,204000
10035,2002,4,183600
10035,2003,12,217600
10035,2004,8,171000
10035,2005,8,178600
10035,2006,4,66000
10035,2007,8,121000
10035,2008,14,276000
10035,2009,6,187600
10035,2010,6,88000
10035,2011,10,104440
10035,2012,12,134520
10035,2013,10,132000
10035,2014,4,74000
10035,2015,4,79734
10035,2016,10,208684
10036,1986,2,17780
10036,1987,184,2857950
10036,1988,168,2758110
10036,1989,196,2409560
10036,1990,138,2513568
10036,1991,132,2315600
10036,1992,168,1244822
10036,1993,108,991850
10036,1994,90,979976
10036,1995,118,1243098
10036,1996,116,1147424
10036,1997,132,1246402
10036,1998,100,1225052
10036,1999,124,1607230
10036,2000,114,1892870
10036,2001,130,2508016
10036,2002,114,2004550
10036,2003,116,1985750
10036,2004,116,1633982
10036,2005,122,1823400
10036,2006,110,1676000
10036,2007,118,1984410
10036,2008,136,2533400
10036,2009,80,1677600
10036,2010,118,1853610
10036,2011,116,2167292
10036,2012,116,1745934
10036,2013,104,1584730
10036,2014,16,423800
10036,2015,116,1906580
10036,2016,128,2204014
10037,1987,4,10390
10037,2006,2,15000
10037,2007,2,15750
10037,2010,2,11848
10037,2011,2,9890
10037,2012,4,25000
10037,2013,2,48000
10037,2015,2,48000
10037,2016,2,60000
10038,1986,2,2000
10038,1987,98,5107204
10038,1988,90,5009350
10038,1989,124,6012640
10038,1990,102,6194414
10038,1991,60,621750
10038,1992,36,115428
10038,1993,18,87944
10038,1994,24,114888
10038,1995,24,194068
10038,1996,24,139928
10038,1997,28,178948
10038,1998,22,184668
10038,1999,30,286900
10038,2000,28,319726
10038,2001,24,319000
10038,2002,32,295400
10038,2003,30,318000
10038,2004,36,355200
10038,2005,24,197000
10038,2006,48,1067346
10038,2007,46,1284760
10038,2008,36,1314200
10038,2009,28,1416400
10038,2010,36,1495252
10038,2011,26,1147028
10038,2012,26,1068792
10038,2013,32,1154682
10038,2014,2,8472
10038,2015,56,1466696
10038,2016,34,1471714
10039,1998,2,8400
10039,2009,6,85600
10039,2010,8,80000
10039,2011,6,83076
10039,2012,4,70600
10039,2013,4,70600
10039,2015,4,66000
10039,2016,4,66000
10040,1987,4,15000
10040,1988,4,15000
10040,1989,8,19400
10040,1990,4,14140
10040,1991,6,13000
10040,1992,6,8040
10040,1993,4,6700
10040,1994,6,12640
10040,1995,4,9000
10040,2003,2,6000
10040,2004,4,12000
10040,2005,6,19400
10040,2006,4,14400
10040,2007,4,15120
10040,2008,4,16600
10040,2009,2,10000
10040,2010,14,67478
10040,2011,10,54000
10040,2012,10,44326
10040,2013,4,29380
10040,2014,4,30000
10040,2015,2,10000
10040,2016,4,20000
10041,2004,2,194
10041,2005,2,194
10044,2002,2,9200
10044,2003,2,9200
10044,2004,4,10056
10044,2005,2,10000
10044,2006,2,10000
10044,2007,2,10500
10044,2015,2,15000
10048,1990,14,117958
10048,1991,10,110000
10048,1992,12,55000
10048,1993,6,43600
10048,1994,8,60368
10048,1995,8,44000
10048,1996,6,36094
10048,1997,8,41306
10048,1998,12,882000
10048,1999,10,328380
10048,2000,12,780000
10104,2000,2,20000
10106,1991,2,11000
10106,1992,2,5000
10107,1991,2,2400
10107,1992,2,2400
10107,1993,2,28086
10107,1994,2,32580
10107,1995,2,30600
10107,1996,2,26576
10107,1997,4,29234
10107,1998,2,36000
10107,1999,6,69160
10107,2000,6,97280
10107,2001,4,69770
10107,2002,10,123000
10107,2003,4,63600
10107,2004,8,92400
10107,2005,4,44000
10107,2006,4,44000
10107,2007,2,39900
10107,2008,2,43800
10107,2009,2,43000
10107,2010,4,48440
10107,2011,2,36000
10107,2012,2,32600
10107,2013,2,28000
10107,2015,2,28000
10107,2016,2,28000
10112,2002,2,34000
10112,2003,2,13140
10112,2004,2,1460
10115,1987,8,35000
10115,1988,6,26000
10115,1989,14,50000
10115,1990,6,38000
10115,1991,12,60400
10115,1992,4,20360
10115,1993,4,15556
10115,1994,2,6000
10115,1995,2,6000
10115,1996,2,5790
10115,1997,4,6496
10115,1998,2,8000
10115,1999,2,8480
10115,2002,2,10000
10115,2010,2,6400
10115,2011,2,33230
10115,2012,2,23200
10115,2013,2,21200
10115,2015,2,42000
10115,2016,2,42000
10118,1996,4,12820
10118,1997,6,33480
10118,1998,4,30000
10118,2001,2,6000
10118,2002,2,6000
10118,2003,2,6000
10122,1998,2,40000
10122,1999,2,40000
10122,2000,2,30000
10122,2001,8,540000
10122,2002,4,102000
10122,2003,4,104000
10122,2004,2,61200
10122,2005,2,59600
10122,2006,2,50000
10122,2007,2,52500
10122,2008,4,92800
10122,2009,2,22000
10122,2010,4,86000
10122,2011,6,99692
10122,2012,2,42200
10123,1987,2,16000
10123,2009,2,10000
10128,1987,118,1197600
10128,1988,116,1287764
10128,1989,122,1221500
10128,1990,94,1154966
10128,1991,70,962278
10128,1992,100,813498
10128,1993,42,454326
10128,1994,60,707088
10128,1995,70,959580
10128,1996,48,507068
10128,1997,56,611032
10128,1998,46,808368
10128,1999,50,931894
10128,2000,50,1073602
10128,2001,40,787200
10128,2002,26,524400
10128,2003,28,548200
10128,2004,38,523700
10128,2005,32,551600
10128,2006,36,578600
10128,2007,38,757280
10128,2008,38,807550
10128,2009,32,738000
10128,2010,46,1024806
10128,2011,46,855632
10128,2012,50,888480
10128,2013,36,715120
10128,2014,2,15000
10128,2015,30,667800
10128,2016,34,835400
10152,1986,2,2608
10153,1999,6,98160
10153,2000,2,30000
10162,2006,4,10000
10162,2007,4,15250
10162,2008,6,24000
10162,2009,4,18600
10165,2005,2,5000
10166,1987,2,4000
10168,1999,4,18000
10168,2000,2,14000
10168,2001,8,32110
10168,2002,6,91000
10168,2003,6,127000
10168,2004,4,104000
10168,2005,4,95200
10168,2006,6,94000
10168,2007,4,71500
10168,2008,2,34600
10168,2011,2,74570
10168,2012,2,21800
10168,2013,2,21800
10168,2015,2,50000
10168,2016,2,50000
10170,1989,2,30000
10170,1992,4,19000
10170,1993,4,13904
10170,1994,4,15232
10170,1995,6,21000
10170,1996,6,19302
10170,1997,6,15356
10170,1998,4,15600
10170,1999,4,20176
10170,2000,2,10000
10170,2001,4,22000
10170,2002,4,18800
10170,2003,4,17800
10170,2004,4,13000
10170,2005,4,12700
10170,2006,2,8200
10170,2007,2,8610
10173,1990,2,10000
10173,1991,2,10000
10175,1988,6,18000
10175,1989,8,22000
10175,1990,8,24000
10175,1991,2,14000
10175,1992,2,5000
10271,1999,2,30000
10271,2005,2,25800
10271,2006,2,25800
10271,2010,2,12834
10271,2011,2,13252
10271,2015,2,20000
10271,2016,2,20000
10280,1987,2,8000
10280,1988,4,16000
10280,1989,4,16000
10280,1990,4,25000
10280,1991,2,14250
10280,1992,4,14000
10280,1993,2,11200
10280,1994,2,17000
10280,2006,2,20000
10280,2007,4,54000
10280,2008,4,65500
10280,2009,4,124000
10280,2010,10,127226
10280,2011,4,89406
10280,2012,8,102460
10280,2013,6,79500
10280,2015,2,30000
10280,2016,4,1e+05
10281,2001,2,4000
10281,2002,2,4000
10282,2010,2,46636
10282,2011,2,40352
10282,2012,2,36540
10282,2013,2,36540
10282,2015,2,56000
10282,2016,2,56000
10301,1986,6,15000
10301,1987,48,281800
10301,1988,40,266800
10301,1989,60,366900
10301,1990,44,317452
10301,1991,38,261134
10301,1992,30,191176
10301,1993,24,184890
10301,1994,26,226382
10301,1995,38,346400
10301,1996,34,251688
10301,1997,16,157740
10301,1998,26,303340
10301,1999,30,366866
10301,2000,22,436564
10301,2001,26,425750
10301,2002,30,445380
10301,2003,32,462300
10301,2004,28,391200
10301,2005,20,351000
10301,2006,16,349000
10301,2007,24,421350
10301,2008,28,508600
10301,2009,18,400920
10301,2010,28,462272
10301,2011,16,349316
10301,2012,22,393860
10301,2013,22,456860
10301,2015,26,468200
10301,2016,28,701196
10302,1991,4,25100
10302,1992,2,15280
10303,1989,2,18000
10303,1990,2,20000
10304,1988,6,50800
10304,1989,2,30000
10304,1990,2,30000
10304,1991,4,39000
10304,1992,2,21000
10304,1993,4,22500
10304,1994,2,10000
10304,1995,4,20000
10304,1996,2,13124
10304,1997,4,33780
10304,1998,4,162760
10304,1999,8,174000
10304,2000,12,205000
10304,2001,8,112000
10304,2002,8,111400
10304,2003,12,133400
10304,2004,14,149150
10304,2005,10,96000
10304,2006,6,56000
10304,2007,2,20000
10304,2008,4,32000
10304,2009,2,21600
10304,2011,2,16616
10304,2016,4,28000
10305,1987,14,207800
10305,1988,18,269000
10305,1989,20,223000
10305,1990,10,209274
10305,1991,2,74000
10305,2006,2,14000
10305,2008,2,15000
10305,2009,2,10000
10305,2010,2,14000
10305,2011,2,8308
10306,1987,8,89190
10306,1988,8,130000
10306,1989,16,134000
10306,1990,8,114320
10306,1991,8,92000
10306,1992,4,34800
10306,1993,6,59920
10306,1994,6,59548
10306,1995,10,86500
10306,1996,6,50180
10306,1997,6,36700
10306,1998,6,64080
10306,1999,2,37660
10306,2000,4,54166
10306,2001,4,61200
10306,2002,8,79000
10306,2003,8,75000
10306,2004,4,48600
10306,2005,4,50000
10306,2006,8,85000
10306,2007,4,30000
10306,2008,2,56000
10306,2009,2,56000
10306,2010,4,66200
10306,2011,6,66262
10306,2012,2,37440
10306,2013,4,54000
10306,2015,4,64000
10306,2016,4,60000
10309,1987,2,9000
10309,1988,2,9000
10309,1989,2,9000
10309,1990,2,7000
10309,1991,2,4000
10309,1992,2,4000
10309,1993,2,3000
10309,1994,2,4000
10309,1995,2,4000
10309,1996,2,3860
10309,1997,4,4254
10309,1998,2,4000
10309,1999,2,4240
10309,2000,2,7000
10309,2001,2,7400
10309,2002,2,6600
10309,2003,2,6600
10309,2004,2,6600
10309,2005,2,6400
10309,2006,2,6400
10309,2007,2,6000
10309,2008,2,9000
10310,1987,2,6000
10310,1988,2,6000
10310,1989,2,8000
10314,1987,8,36000
10314,1988,4,20000
10314,1990,2,6800
10314,1995,2,10000
10314,1996,2,9650
10314,1997,2,14000
10314,1998,4,50000
10314,2004,2,1600
10314,2005,4,6500
10314,2006,2,5000
10314,2007,6,25352
10314,2008,2,10000
10314,2009,2,10000
10314,2010,2,8900
10314,2011,4,16614
10314,2012,4,15560
10314,2013,4,18560
10314,2015,2,8000
10314,2016,2,8000
10451,1989,8,30000
10451,1992,4,24030
10451,1993,2,18000
10451,1994,8,76760
10451,1995,8,95240
10451,1996,12,53610
10451,1997,6,20500
10451,2001,10,112610
10451,2002,10,96400
10451,2003,12,171720
10451,2004,12,155960
10451,2005,6,80000
10451,2006,8,180000
10451,2007,8,121000
10451,2008,16,291500
10451,2009,10,182100
10451,2010,12,221400
10451,2011,10,214414
10451,2012,12,194600
10451,2013,10,350480
10451,2015,16,396500
10451,2016,18,472500
10452,1990,6,80240
10452,1991,2,13600
10452,1992,6,28960
10452,1993,6,26000
10452,1994,4,21000
10452,1995,8,82000
10452,1996,6,60796
10452,1997,4,38000
10452,1998,2,15000
10452,1999,6,90000
10452,2000,2,2270
10452,2001,4,56000
10452,2002,6,56000
10452,2003,6,56000
10452,2004,6,85600
10452,2005,4,44800
10452,2006,4,44800
10452,2013,2,14600
10452,2015,8,97000
10452,2016,10,176000
10454,1987,10,47000
10454,1988,12,38000
10454,1989,14,123000
10454,1990,8,53800
10454,1991,8,120800
10454,1992,8,70360
10454,1993,8,72000
10454,1994,2,4000
10454,1998,2,6000
10454,2002,2,10000
10454,2004,2,19200
10454,2012,2,18000
10454,2013,2,18000
10454,2015,4,40000
10454,2016,6,139000
10455,1987,18,70600
10455,1988,4,40000
10455,1989,8,59000
10455,1990,4,57100
10455,1991,2,33740
10455,2013,2,12000
10456,1987,26,301000
10456,1988,24,315400
10456,1989,18,284600
10456,1990,18,307000
10456,1991,12,263800
10456,1992,14,223640
10456,1993,6,143996
10456,1994,12,192098
10456,1995,4,231746
10456,1996,6,111458
10456,1997,4,50900
10456,1999,2,40000
10456,2000,4,40000
10456,2001,4,180600
10456,2002,6,208600
10456,2003,4,168600
10456,2004,2,132600
10456,2005,4,159200
10456,2006,2,129200
10456,2007,4,164000
10456,2008,4,178400
10456,2009,4,178400
10456,2010,12,339000
10456,2011,10,312022
10456,2012,10,211000
10456,2013,10,292100
10456,2014,4,77000
10456,2015,8,194000
10456,2016,8,189000
10457,1990,2,10000
10457,1991,2,9000
10457,2001,2,8000
10458,1987,12,74518
10458,1988,22,87358
10458,1989,10,34000
10458,1990,10,42000
10458,1992,2,24000
10458,1993,4,15000
10458,1994,4,25000
10458,1995,2,13000
10458,1996,2,15440
10458,2000,6,69200
10458,2001,10,152400
10458,2002,6,91400
10458,2003,6,89000
10458,2004,2,53550
10458,2005,2,58000
10458,2006,4,72000
10458,2007,2,60900
10458,2008,4,116000
10458,2009,4,116000
10458,2010,4,127236
10458,2011,4,61316
10458,2012,6,94060
10458,2013,6,91060
10458,2015,4,98584
10458,2016,4,1e+05
10459,2002,2,12600
10459,2003,2,12600
10459,2004,2,7000
10459,2005,4,12000
10459,2006,4,12000
10459,2007,2,7350
10459,2008,4,20000
10459,2009,4,27600
10459,2010,2,16784
10459,2011,8,95384
10459,2012,8,80400
10459,2013,2,19200
10459,2015,4,25000
10459,2016,6,133000
10460,1987,14,80900
10460,1988,8,48380
10460,1989,16,54980
10460,1990,10,66500
10460,1991,8,42200
10460,1992,8,37680
10460,1993,6,25000
10460,1994,6,31200
10460,1995,4,22200
10460,1996,2,5790
10460,1997,2,6080
10460,2000,2,13800
10460,2001,6,51364
10460,2002,10,81600
10460,2003,8,69600
10460,2004,8,63200
10460,2005,4,41200
10460,2006,4,41200
10460,2007,4,40400
10460,2008,4,44400
10460,2009,2,30000
10460,2010,6,47700
10460,2011,4,29868
10460,2012,4,21000
10460,2013,4,21000
10460,2015,4,25000
10460,2016,4,25000
10461,1987,22,547000
10461,1988,18,537280
10461,1989,38,643692
10461,1990,28,762800
10461,1991,18,657170
10461,1992,16,473960
10461,1993,12,427426
10461,1994,14,644458
10461,1995,26,853470
10461,1996,18,873064
10461,1997,22,1008380
10461,1998,14,1189828
10461,1999,14,1274280
10461,2000,12,1310800
10461,2001,14,1085800
10461,2002,10,840900
10461,2003,12,660900
10461,2004,12,571000
10461,2005,12,570500
10461,2006,10,520500
10461,2007,14,628500
10461,2008,20,731800
10461,2009,18,742000
10461,2010,18,663808
10461,2011,20,559966
10461,2012,16,469180
10461,2013,14,460680
10461,2015,16,471300
10461,2016,14,489760
10462,1987,2,2000
10462,1988,4,6000
10462,1989,2,2000
10462,1995,2,6200
10462,1996,2,6996
10462,1997,2,7360
10462,1998,2,7876
10462,2004,6,33200
10462,2012,2,20000
10462,2013,2,20000
10462,2015,2,20000
10462,2016,2,26108
10463,1987,4,7000
10463,1988,2,8000
10463,2001,2,38400
10463,2002,2,34000
10463,2003,2,34000
10463,2004,2,16400
10463,2005,2,16400
10463,2006,2,17000
10463,2008,2,43800
10463,2009,4,51000
10463,2010,4,55000
10463,2011,8,75360
10463,2012,4,59000
10463,2013,6,186000
10463,2015,4,80000
10463,2016,4,1e+05
10464,1987,4,40200
10464,1988,8,52000
10464,1989,12,58600
10464,1990,8,34500
10464,1991,8,54800
10464,1992,2,8000
10464,1993,6,26000
10464,1994,4,19600
10464,1995,4,21600
10464,1996,2,11580
10464,1997,2,12160
10464,1998,2,12400
10464,2009,2,26000
10464,2011,2,35604
10464,2014,2,10000
10464,2015,2,10000
10464,2016,2,10000
10465,1990,2,1000
10465,1999,2,10000
10465,2000,2,10900
10466,1987,4,16000
10466,1989,2,1000
10467,1987,22,138000
10467,1988,16,205308
10467,1989,30,331700
10467,1990,30,346784
10467,1991,16,213302
10467,1992,10,116400
10467,1993,12,112500
10467,1994,10,88640
10467,1995,12,124640
10467,1996,18,154610
10467,1997,12,69788
10467,1998,10,98280
10467,1999,10,93820
10467,2000,8,84400
10467,2001,10,154200
10467,2002,10,147200
10467,2003,8,136800
10467,2004,4,95800
10467,2005,4,93400
10467,2006,8,118400
10467,2007,4,110200
10467,2008,4,145800
10467,2009,6,194600
10467,2010,4,152562
10467,2011,6,225294
10467,2012,16,560000
10467,2013,4,140000
10467,2015,4,141000
10467,2016,4,141000
10468,1987,16,125000
10468,1988,12,133580
10468,1989,14,132600
10468,1990,14,136470
10468,1991,16,181320
10468,1992,22,162486
10468,1993,20,140256
10468,1994,14,98900
10468,1995,10,70726
10468,1996,8,30870
10468,1997,6,29000
10468,1998,8,47000
10468,1999,10,63200
10468,2000,6,30000
10468,2001,18,237824
10468,2002,14,173200
10468,2003,16,201200
10468,2004,16,176000
10468,2005,14,141600
10468,2006,14,153200
10468,2007,14,149290
10468,2008,10,116200
10468,2009,12,102400
10468,2010,10,139618
10468,2011,12,149536
10468,2012,14,142220
10468,2013,14,159100
10468,2014,2,40000
10468,2015,8,126100
10468,2016,8,126100
10469,2004,4,2700
10471,1986,2,4000
10471,1987,26,254100
10471,1988,28,242100
10471,1989,20,194500
10471,1990,20,198500
10471,1991,16,149460
10471,1992,8,80636
10471,1993,14,89384
10471,1994,8,74400
10471,1995,10,115500
10471,1996,8,85210
10471,1997,4,41340
10471,1998,4,28000
10471,1999,4,45440
10471,2000,6,77440
10471,2001,12,137292
10471,2002,12,170600
10471,2003,14,190600
10471,2004,12,124600
10471,2005,14,173000
10471,2006,18,136400
10471,2007,12,105400
10471,2008,8,59200
10471,2009,8,55400
10471,2010,14,99302
10471,2011,14,126548
10471,2012,8,75720
10471,2013,10,168720
10471,2015,8,76800
10471,2016,8,79800
10473,1987,8,20350
10473,1991,2,24000
10473,1992,2,18000
10473,1993,2,14000
10473,2009,2,1800
10474,2002,6,30000
10474,2003,4,32000
10474,2004,2,40000
10474,2006,2,14600
10474,2007,4,22330
10474,2008,10,59000
10474,2009,6,45400
10474,2010,6,39618
10474,2011,6,32834
10474,2012,8,44420
10474,2013,8,62900
10474,2015,2,5960
10475,1987,2,8000
10475,1988,2,6000
10475,1990,2,8000
11004,1988,6,20000
11004,1989,8,21000
11004,1990,4,20000
11004,1991,2,16000
11004,1992,2,20514
11004,1993,4,52300
11004,2000,4,17000
11004,2015,2,22000
11004,2016,2,22000
11101,1986,2,22420
11101,1987,16,81000
11101,1988,24,169900
11101,1989,20,140830
11101,1990,14,115050
11101,1991,16,302890
11101,1992,10,156600
11101,1993,6,100720
11101,1994,12,132000
11101,1995,14,179000
11101,1996,18,173158
11101,1997,10,111540
11101,1998,6,135612
11101,1999,4,111348
11101,2001,6,51000
11101,2002,4,80000
11101,2003,16,325600
11101,2004,18,319900
11101,2005,24,317400
11101,2006,30,352600
11101,2007,34,410900
11101,2008,40,464960
11101,2009,36,364404
11101,2010,36,391364
11101,2011,40,465126
11101,2012,22,297360
11101,2013,34,423020
11101,2015,42,729600
11101,2016,34,676700
11102,1987,4,41000
11102,1988,4,56000
11102,1989,6,63000
11102,1990,6,59000
11102,1991,6,54634
11102,1992,6,35040
11102,1993,6,27950
11102,1994,6,36000
11102,1995,6,36000
11102,1996,4,29338
11102,1997,6,36228
11102,1998,4,57000
11102,1999,8,75000
11102,2000,6,79000
11102,2001,8,89000
11102,2002,8,80600
11102,2003,8,80600
11102,2004,6,62900
11102,2005,6,62600
11102,2006,4,57600
11102,2007,4,66300
11102,2008,4,81800
11102,2009,2,62000
11102,2010,4,69180
11102,2011,4,34812
11102,2012,2,30000
11102,2013,2,30000
11102,2016,4,30000
11103,1990,2,10000
11103,1994,4,12904
11103,1995,4,12800
11103,1996,4,10616
11103,1997,6,11716
11103,1998,4,20000
11103,1999,2,10600
11103,2005,2,6000
11103,2006,2,6000
11103,2007,2,6300
11103,2010,4,87620
11103,2011,2,8308
11103,2012,2,6000
11103,2013,2,6000
11103,2015,2,10000
11104,1987,4,132000
11104,1988,12,233412
11104,1989,14,252000
11104,1990,14,227600
11104,1991,6,200600
11104,1992,14,177300
11104,1993,8,133000
11104,1994,4,115440
11104,1995,8,148500
11104,1996,6,118792
11104,1997,6,121750
11104,1998,8,176816
11104,1999,6,188400
11104,2000,4,191500
11104,2001,4,193000
11104,2002,4,173600
11104,2003,4,192000
11104,2004,8,176200
11104,2005,10,200200
11104,2006,6,168200
11104,2007,6,180100
11104,2008,8,243000
11104,2009,8,275000
11104,2010,6,191840
11104,2011,4,174262
11104,2012,10,184640
11104,2013,8,225440
11104,2015,8,259600
11104,2016,6,160600
11105,1987,6,29000
11105,1988,14,51000
11105,1989,12,44000
11105,1990,12,52960
11105,1991,14,58180
11105,1992,10,31350
11105,1993,8,25800
11105,1994,8,28182
11105,1995,8,26968
11105,1996,10,28178
11105,1997,12,32658
11105,1998,10,44480
11105,1999,8,41694
11105,2000,8,44800
11105,2001,10,54950
11105,2002,8,44600
11105,2003,8,44600
11105,2004,12,71118
11105,2005,10,65000
11105,2006,10,59600
11105,2007,8,44790
11105,2008,8,46180
11105,2009,6,40800
11105,2010,6,25414
11105,2011,2,11868
11105,2016,6,80514
11106,1987,4,146400
11106,1988,16,199000
11106,1989,26,249000
11106,1990,18,310242
11106,1991,16,253000
11106,1992,6,168500
11106,1993,6,132600
11106,1994,14,155000
11106,1995,16,283500
11106,1996,16,261612
11106,1997,16,174048
11106,1998,10,213620
11106,1999,6,187800
11106,2000,16,261000
11106,2001,12,229000
11106,2002,12,238400
11106,2003,14,291600
11106,2004,14,285500
11106,2005,14,297800
11106,2006,18,344430
11106,2007,18,477510
11106,2008,16,366400
11106,2009,10,390000
11106,2010,12,336700
11106,2011,10,206702
11106,2012,16,327800
11106,2013,14,301000
11106,2014,6,84000
11106,2015,16,317000
11106,2016,14,335000
11201,1986,6,34000
11201,1987,52,329000
11201,1988,60,510256
11201,1989,100,585148
11201,1990,48,303796
11201,1991,86,1122954
11201,1992,62,590242
11201,1993,48,588656
11201,1994,44,547650
11201,1995,52,586734
11201,1996,52,514312
11201,1997,50,561084
11201,1998,34,515278
11201,1999,34,738298
11201,2000,48,784382
11201,2001,54,1002796
11201,2002,54,1087416
11201,2003,70,1150552
11201,2004,50,795924
11201,2005,56,865600
11201,2006,66,1149400
11201,2007,66,1255650
11201,2008,62,1505844
11201,2009,44,1231200
11201,2010,108,4647840
11201,2011,92,3961840
11201,2012,128,3914580
11201,2013,112,3931680
11201,2014,14,95720
11201,2015,112,3891090
11201,2016,106,4321060
11203,1988,2,6000
11203,1989,4,8000
11203,1990,4,15000
11203,1991,2,12000
11203,1992,4,11360
11203,1993,2,7952
11203,1994,2,12000
11203,1999,2,9400
11203,2000,4,22400
11203,2001,6,29000
11203,2002,6,23800
11203,2003,6,26000
11203,2004,4,17320
11203,2005,6,22000
11203,2006,2,10000
11203,2007,2,14000
11203,2008,8,116200
11203,2009,6,59000
11203,2010,12,129322
11203,2011,8,146174
11203,2012,8,114740
11203,2013,6,99140
11203,2015,4,47600
11203,2016,4,65600
11204,1987,2,6300
11204,2012,6,41800
11204,2013,6,52200
11204,2014,4,47400
11204,2015,6,53800
11204,2016,6,53800
11205,1987,4,117000
11205,1988,10,140960
11205,1989,10,140000
11205,1990,16,142000
11205,1991,8,127200
11205,1992,4,72926
11205,1993,6,73488
11205,1994,4,69510
11205,1995,8,108510
11205,1996,6,90974
11205,1998,2,60450
11205,1999,4,96772
11205,2000,2,66700
11205,2001,2,70040
11205,2002,10,158000
11205,2003,6,88000
11205,2004,14,182676
11205,2005,6,125654
11205,2006,10,165202
11205,2007,10,204584
11205,2008,8,125900
11205,2009,4,38100
11205,2010,8,115796
11205,2011,10,135592
11205,2012,14,124520
11205,2013,14,132494
11205,2014,4,20000
11205,2015,24,313834
11205,2016,22,464900
11206,1989,4,25000
11206,1990,2,20000
11206,2006,2,5000
11206,2007,4,19600
11206,2008,6,48000
11206,2009,2,12000
11206,2010,14,174450
11206,2011,16,132612
11206,2012,18,156914
11206,2013,16,161662
11206,2015,12,97000
11206,2016,10,80000
11207,1989,2,10000
11207,1991,4,18000
11207,1992,4,15000
11207,2011,2,10088
11207,2016,2,14000
11208,2013,2,20000
11208,2014,2,20000
11208,2015,2,20000
11209,1996,2,6756
11209,1997,2,6800
11209,1998,2,10000
11209,1999,2,15000
11209,2008,2,8000
11209,2010,2,6000
11210,1987,8,144000
11210,1988,4,142000
11210,1989,12,166200
11210,1990,8,185460
11210,1991,2,120000
11210,1992,2,60000
11210,1993,2,40000
11210,1995,4,10500
11210,1996,2,10000
11210,1998,2,20000
11210,1999,6,51100
11210,2000,4,55000
11210,2001,4,89500
11210,2002,4,82500
11210,2003,6,75900
11210,2004,2,53600
11210,2005,8,86600
11210,2006,8,74502
11210,2008,2,400
11210,2010,8,38600
11210,2011,4,34322
11210,2012,2,14800
11210,2013,2,40000
11210,2014,2,40000
11210,2015,8,77900
11210,2016,10,100360
11211,1986,2,2000
11211,1987,8,35000
11211,1988,16,74000
11211,1989,28,133700
11211,1990,20,108700
11211,1991,18,124226
11211,1992,10,52758
11211,1993,8,38850
11211,1994,12,64900
11211,1995,12,78000
11211,1996,14,71858
11211,1997,14,93260
11211,1998,8,109354
11211,1999,16,141858
11211,2000,20,257900
11211,2001,28,297210
11211,2002,24,288200
11211,2003,24,309800
11211,2004,30,425414
11211,2005,34,338000
11211,2006,34,440400
11211,2007,36,335646
11211,2008,52,462500
11211,2009,26,328598
11211,2010,38,415846
11211,2011,42,376812
11211,2012,40,401014
11211,2013,32,409450
11211,2014,6,104400
11211,2015,14,215950
11211,2016,14,273000
11212,2002,2,10000
11213,1987,24,250520
11213,1988,20,254500
11213,1989,36,354500
11213,1990,32,378380
11213,1991,36,486380
11213,1992,24,208388
11213,1993,22,186442
11213,1994,22,195152
11213,1995,26,294660
11213,1996,22,217924
11213,1997,28,257072
11213,1998,16,266530
11213,1999,18,275902
11213,2000,18,259000
11213,2001,16,265600
11213,2002,14,250000
11213,2003,18,245200
11213,2004,16,292000
11213,2005,18,212800
11213,2006,18,210800
11213,2007,16,236890
11213,2008,18,255200
11213,2009,14,235000
11213,2010,14,254774
11213,2011,18,239336
11213,2012,12,192480
11213,2013,10,179280
11213,2015,4,111000
11213,2016,4,107000
11214,1987,6,15000
11214,1988,4,11000
11214,1989,4,11000
11214,1990,8,46336
11214,1991,10,14814
11214,1992,6,10000
11214,1993,8,15800
11214,1994,8,17836
11214,1995,6,22000
11214,1996,6,19222
11214,1997,8,25106
11214,1998,2,7450
11214,1999,2,8940
11214,2000,2,8940
11214,2001,2,10000
11214,2002,2,10000
11214,2003,2,10000
11214,2004,2,8600
11214,2005,2,11000
11214,2006,2,11000
11214,2007,2,11550
11214,2008,4,35000
11214,2009,2,14800
11214,2010,2,14200
11214,2011,2,11868
11214,2012,2,10740
11214,2013,2,10000
11214,2014,2,10000
11214,2015,2,10000
11214,2016,2,10000
11215,1987,26,173000
11215,1988,36,254000
11215,1989,52,288724
11215,1990,42,350230
11215,1991,22,152056
11215,1992,26,115774
11215,1993,26,81510
11215,1994,24,111400
11215,1995,38,189000
11215,1996,30,130680
11215,1997,32,150536
11215,1998,34,209184
11215,1999,32,340358
11215,2000,56,666668
11215,2001,48,585960
11215,2002,40,398340
11215,2003,40,393700
11215,2004,54,401470
11215,2005,38,281380
11215,2006,46,324800
11215,2007,42,409830
11215,2008,58,602200
11215,2009,48,548500
11215,2010,50,468950
11215,2011,54,535436
11215,2012,68,638566
11215,2013,46,596540
11215,2014,10,58208
11215,2015,54,721200
11215,2016,66,920550
11216,1987,18,254600
11216,1988,14,192000
11216,1989,20,229080
11216,1990,14,264830
11216,1991,8,185600
11216,1992,8,154112
11216,1993,8,137610
11216,1994,6,128960
11216,1995,12,155000
11216,1996,10,127264
11216,1997,6,36564
11216,1998,14,73000
11216,1999,8,57720
11216,2000,6,88000
11216,2001,6,95800
11216,2002,6,91800
11216,2003,8,91000
11216,2004,4,61200
11216,2005,6,63600
11216,2006,6,103400
11216,2007,8,132660
11216,2008,8,154600
11216,2009,8,123100
11216,2010,8,128928
11216,2011,10,160414
11216,2012,10,125940
11216,2013,10,139650
11216,2015,10,160366
11216,2016,8,150366
11217,1986,2,2000
11217,1987,20,908000
11217,1988,32,1002000
11217,1989,54,1099680
11217,1990,58,1284000
11217,1991,38,1119310
11217,1992,40,681028
11217,1993,42,614658
11217,1994,46,758866
11217,1995,90,1140182
11217,1996,90,1007518
11217,1997,44,698692
11217,1998,58,996654
11217,1999,50,1000130
11217,2000,94,1708632
11217,2001,124,2049230
11217,2002,104,1791310
11217,2003,102,1612334
11217,2004,86,1329350
11217,2005,100,1433800
11217,2006,98,1424000
11217,2007,126,1804670
11217,2008,106,2029600
11217,2009,80,1735800
11217,2010,114,1869348
11217,2011,128,1965690
11217,2012,134,1751000
11217,2013,134,1845862
11217,2014,18,214200
11217,2015,104,1532850
11217,2016,122,1978500
11218,1989,4,7000
11218,1990,2,3000
11218,1992,2,8000
11218,1996,2,3860
11218,1997,6,22000
11218,1998,4,20460
11218,1999,4,16000
11218,2000,2,15000
11218,2004,4,27000
11218,2005,4,26600
11218,2006,4,20000
11218,2007,4,27696
11218,2008,2,12834
11218,2009,4,23340
11218,2010,2,16000
11218,2011,6,100682
11218,2012,4,20000
11218,2013,6,58000
11218,2014,2,8000
11218,2015,14,112152
11218,2016,6,90000
11219,2000,2,10000
11219,2001,2,16600
11219,2002,2,14940
11219,2003,2,14940
11219,2004,2,12700
11219,2005,2,16000
11219,2009,2,3000
11219,2015,2,10000
11219,2016,2,10000
11220,1987,2,12000
11220,1988,4,22000
11220,1989,6,30000
11220,1990,2,17000
11220,1991,4,22200
11220,1992,2,8832
11220,1993,4,8200
11220,1994,2,6200
11220,1995,4,14200
11220,1996,2,5984
11220,1997,2,10000
11220,1998,2,17000
11220,1999,2,17000
11220,2000,4,30000
11220,2001,4,38000
11220,2002,6,45800
11220,2003,4,37800
11220,2004,10,81146
11220,2005,4,24800
11220,2006,4,24800
11220,2007,4,27750
11220,2008,4,30600
11220,2009,8,80600
11220,2010,8,60486
11220,2011,8,89198
11220,2012,10,50880
11220,2013,4,17680
11220,2015,8,42114
11220,2016,6,71700
11221,1987,4,15000
11221,1988,6,21000
11221,1989,6,20000
11221,2005,2,37000
11221,2010,4,16000
11221,2014,4,4180
11221,2016,2,10000
11222,1987,6,14000
11222,1988,8,25700
11222,1989,4,13560
11222,1990,2,12400
11222,1991,4,29400
11222,1992,12,15054
11222,1993,6,10000
11222,1994,4,18000
11222,1995,14,33000
11222,1996,4,16690
11222,1997,6,3720
11222,1999,6,3600
11222,2001,4,2800
11222,2003,12,62100
11222,2004,2,20000
11222,2005,4,19000
11222,2006,12,80000
11222,2007,4,25500
11222,2009,4,21430
11222,2010,12,42012
11222,2011,10,37186
11222,2012,14,81640
11222,2013,18,196658
11222,2014,10,86650
11222,2015,26,341410
11222,2016,18,235000
11223,1987,2,20000
11223,2006,2,12600
11223,2007,2,13230
11224,1987,4,18000
11224,1988,6,44000
11224,1989,6,35000
11224,1990,6,30450
11224,1991,6,25750
11224,1992,4,15000
11224,1993,4,13800
11224,1994,4,14376
11224,1995,2,12000
11224,1996,2,9844
11224,1997,2,10340
11224,1998,2,12600
11224,1999,2,13340
11224,2000,2,13340
11224,2001,4,28340
11224,2002,2,13600
11224,2003,2,13600
11224,2004,2,11600
11224,2005,2,11400
11224,2006,2,11400
11224,2007,6,48970
11224,2008,4,37550
11224,2009,2,30000
11224,2011,4,58152
11224,2012,2,15000
11225,1987,22,89300
11225,1988,24,117400
11225,1989,24,120800
11225,1990,26,166000
11225,1991,8,87800
11225,1992,14,60640
11225,1993,4,11996
11225,1994,6,26280
11225,1995,2,2000
11225,1996,2,1930
11225,1997,2,2000
11225,1998,4,19260
11225,1999,2,2396
11225,2000,2,2588
11225,2001,2,3000
11225,2002,4,20800
11225,2003,2,2800
11225,2004,2,3500
11225,2005,2,30000
11225,2006,8,59840
11225,2007,6,85500
11225,2008,6,45550
11225,2009,4,83600
11225,2010,8,67448
11225,2011,8,145846
11225,2012,6,31000
11225,2013,10,157000
11225,2014,2,14000
11225,2015,6,56000
11225,2016,10,148000
11226,1987,6,16400
11226,1988,4,8000
11226,1989,4,8000
11226,1990,6,58420
11226,1991,4,5000
11226,1992,2,1000
11226,1996,6,27986
11226,1998,4,25000
11226,1999,6,39000
11226,2000,4,43000
11226,2001,4,48000
11226,2002,4,54000
11226,2003,4,57000
11226,2004,4,55500
11226,2005,4,54800
11226,2006,6,88600
11226,2007,4,88000
11226,2010,2,15796
11226,2011,6,108462
11226,2012,2,1e+05
11226,2013,2,5000
11226,2015,18,354500
11226,2016,4,68966
11228,2007,2,16800
11228,2008,2,18400
11228,2010,2,8000
11228,2011,2,5934
11229,1989,4,8000
11229,1990,4,10000
11229,1991,4,9100
11230,1988,2,10000
11230,1992,4,6000
11230,1993,4,4000
11230,1994,4,6000
11230,1995,4,11000
11230,1996,4,8790
11230,1997,4,6370
11230,1998,2,5000
11230,2000,2,2000
11230,2001,6,44000
11230,2002,6,24200
11230,2003,4,19200
11230,2004,4,17000
11230,2005,4,17600
11230,2006,2,5000
11230,2007,2,5250
11230,2008,2,7200
11230,2010,6,42076
11230,2011,2,8308
11230,2012,2,7520
11230,2013,4,42880
11230,2015,2,8000
11230,2016,2,8000
11231,1987,12,39000
11231,1988,10,55000
11231,1989,6,32000
11231,1990,6,27000
11231,1991,20,58050
11231,1992,10,31640
11231,1993,8,40000
11231,1994,12,56900
11231,1995,6,37000
11231,1996,8,43776
11231,1997,8,34090
11231,1998,4,16550
11231,1999,10,40160
11231,2000,6,41660
11231,2001,14,208400
11231,2002,4,27000
11231,2003,8,72000
11231,2004,10,36100
11231,2005,18,68124
11231,2006,12,55200
11231,2007,18,85850
11231,2008,16,145048
11231,2009,18,166100
11231,2010,18,223050
11231,2011,30,465418
11231,2012,20,243240
11231,2013,26,478800
11231,2015,26,256400
11231,2016,30,569926
11232,1991,2,7700
11232,1993,2,10000
11232,1994,4,14000
11232,1995,2,10000
11232,1996,2,7720
11232,1997,2,10000
11232,1998,2,11000
11232,1999,2,11660
11232,2000,2,25000
11232,2001,4,75000
11232,2002,6,130400
11232,2003,4,194000
11232,2004,4,92800
11232,2005,6,58000
11232,2006,6,64000
11232,2007,10,60200
11232,2008,14,118400
11232,2009,8,85400
11232,2010,10,108822
11232,2011,6,25714
11232,2012,14,143800
11232,2013,10,91000
11232,2014,2,20000
11232,2015,8,129000
11232,2016,12,182500
11233,1991,2,10000
11233,2008,2,10000
11233,2011,2,8308
11233,2013,4,39000
11233,2014,4,104000
11233,2015,2,23000
11233,2016,2,23000
11234,1999,2,4740
11234,2006,6,52000
11234,2007,8,93350
11234,2008,2,12000
11235,2008,6,15710
11235,2009,2,12000
11235,2010,4,14680
11235,2011,6,31078
11235,2012,4,12200
11235,2013,2,8100
11235,2016,4,59800
11236,2013,2,15800
11237,1988,4,21000
11237,1989,6,29946
11237,1990,2,24000
11237,1991,4,24000
11237,1992,2,8800
11237,1993,4,13160
11237,1994,2,6160
11237,1995,4,15000
11237,1996,2,7720
11237,1997,2,7800
11237,1998,2,16000
11237,1999,2,30000
11237,2000,2,30000
11237,2001,2,37400
11237,2002,2,36000
11237,2003,2,36000
11237,2004,2,30600
11237,2005,2,36000
11237,2006,4,44400
11237,2007,6,106620
11237,2008,6,96000
11237,2009,2,45000
11237,2010,4,25000
11237,2012,2,10000
11237,2013,2,10000
11237,2014,2,400
11237,2015,4,66000
11237,2016,2,30000
11238,1987,68,1654210
11238,1988,48,1663750
11238,1989,62,1838930
11238,1990,54,1902250
11238,1991,26,885240
11238,1992,18,615840
11238,1993,12,461000
11238,1994,12,490400
11238,1995,8,678000
11238,1996,14,615082
11238,1997,14,560750
11238,1998,12,702750
11238,1999,22,869464
11238,2000,12,708160
11238,2001,10,672400
11238,2002,12,590200
11238,2003,16,607800
11238,2004,10,501000
11238,2005,10,482200
11238,2006,14,539000
11238,2007,12,575200
11238,2008,10,565800
11238,2009,2,452800
11238,2010,24,567248
11238,2011,34,499046
11238,2012,26,433280
11238,2013,28,402680
11238,2014,4,40000
11238,2015,40,713800
11238,2016,52,999660
11241,1987,6,43000
11241,1988,12,61000
11241,1990,10,66450
11241,1991,10,84576
11241,1992,14,85434
11241,1994,2,6000
11243,1995,2,10000
11243,1996,2,9650
11243,1997,8,119292
11243,1998,8,145600
11243,1999,6,155680
11243,2000,6,162640
11243,2001,4,162000
11243,2002,4,145800
11243,2003,6,167000
11243,2004,6,147400
11243,2005,2,1e+05
11249,2012,2,5000
11249,2013,16,140946
11249,2014,8,38000
11249,2015,18,174000
11249,2016,22,276512
11354,1987,6,27400
11354,1988,4,26000
11354,1989,8,46000
11354,1990,14,78466
11354,1991,8,71200
11354,1992,8,68284
11354,1993,6,24000
11354,1994,4,27000
11354,1995,8,30600
11354,1996,12,44912
11354,1997,14,81620
11354,1998,10,267280
11354,1999,18,279200
11354,2000,12,232200
11354,2001,10,160890
11354,2002,12,207000
11354,2003,8,137000
11354,2004,8,123800
11354,2005,8,123200
11354,2006,6,130000
11354,2007,6,115000
11354,2008,8,175000
11354,2009,14,221958
11354,2010,14,213840
11354,2011,14,166718
11354,2012,6,125400
11354,2013,6,113460
11354,2014,4,108000
11354,2015,4,108000
11354,2016,16,241620
11355,1987,4,36000
11355,1988,4,48000
11355,1989,2,20000
11355,1990,2,21200
11355,1991,6,24196
11355,1992,4,9086
11355,1993,2,8632
11355,1994,2,9842
11355,1995,2,9842
11355,1996,4,11290
11355,1997,4,17140
11355,1998,4,21960
11355,1999,4,13000
11355,2000,6,62000
11355,2001,2,12400
11355,2002,2,11200
11355,2003,2,11200
11355,2004,2,9000
11355,2005,2,8800
11355,2007,8,51360
11355,2008,8,67600
11355,2009,2,9800
11355,2010,2,8000
11355,2011,2,6726
11355,2012,2,6100
11355,2013,2,6100
11355,2015,4,67400
11355,2016,6,134000
11356,1996,2,15440
11356,2016,4,38000
11357,1989,2,24000
11357,2004,4,25810
11357,2005,4,25200
11357,2006,6,31200
11357,2007,6,37590
11357,2008,4,45000
11357,2009,6,52000
11357,2010,4,45020
11357,2011,6,56570
11357,2012,6,49440
11357,2013,6,51860
11357,2015,2,24000
11358,1988,2,8000
11358,2007,2,32340
11358,2008,2,35600
11358,2010,2,30000
11358,2011,2,24922
11358,2012,2,22580
11360,1995,4,8944
11360,1996,2,7720
11360,1997,4,8174
11360,2000,2,6000
11360,2001,4,21000
11360,2002,2,10000
11360,2003,2,10000
11360,2004,2,8600
11360,2005,2,8000
11360,2006,2,8000
11360,2007,2,8400
11360,2008,2,9200
11361,2004,2,6000
11361,2005,2,6000
11361,2006,2,6000
11361,2007,2,6400
11363,1988,2,6000
11363,1991,2,8000
11363,1997,4,11464
11363,1998,2,14000
11363,2001,2,17600
11363,2002,6,44800
11363,2003,2,15800
11363,2004,4,24000
11363,2005,2,13600
11363,2006,2,13600
11363,2007,4,27280
11363,2008,2,20000
11363,2009,2,19600
11363,2010,4,27444
11363,2011,4,26506
11363,2012,2,15040
11363,2013,2,15040
11363,2015,2,26000
11363,2016,4,46000
11364,1987,4,28000
11364,1988,2,24000
11364,1989,8,33500
11364,1990,6,29500
11364,1991,2,21840
11364,1992,2,13252
11364,1993,2,10000
11364,1995,2,4000
11364,1996,2,3860
11364,1997,4,4254
11364,2012,2,4080
11365,2000,4,21750
11365,2001,2,15400
11365,2002,2,13800
11365,2003,2,13800
11365,2004,2,12000
11365,2005,2,12000
11366,1994,2,2000
11367,1987,6,52000
11367,1988,4,58000
11367,1989,4,66000
11367,1990,4,74200
11367,1991,2,70000
11367,1994,4,3500
11367,1996,2,2000
11367,2006,2,6498
11367,2007,2,7700
11367,2012,2,50000
11367,2013,2,50000
11367,2014,2,50000
11367,2015,2,50000
11368,1987,30,247100
11368,1988,36,329000
11368,1989,40,323000
11368,1990,30,279480
11368,1991,30,291282
11368,1992,18,195830
11368,1993,16,129812
11368,1994,20,170132
11368,1995,24,286846
11368,1996,26,294070
11368,1997,28,223040
11368,1998,20,212868
11368,1999,14,222530
11368,2000,12,182166
11368,2001,18,314650
11368,2002,14,208400
11368,2003,18,251800
11368,2004,12,224400
11368,2005,14,279800
11368,2006,12,240000
11368,2007,16,223180
11368,2008,16,335000
11368,2009,14,323000
11368,2010,16,272166
11368,2011,14,257338
11368,2012,12,146100
11368,2013,14,223260
11368,2014,8,203840
11368,2015,16,355800
11368,2016,14,336800
11370,1990,2,10000
11370,1991,2,8000
11370,1992,2,6000
11370,2015,2,28000
11370,2016,4,44000
11372,1987,16,60000
11372,1988,22,99100
11372,1989,30,113772
11372,1990,20,111200
11372,1991,24,117700
11372,1992,16,83100
11372,1993,18,71620
11372,1994,14,67344
11372,1995,6,35600
11372,1996,8,33970
11372,1997,12,57550
11372,1998,20,110500
11372,1999,16,127100
11372,2000,14,133960
11372,2001,16,156216
11372,2002,16,142400
11372,2003,6,55800
11372,2004,6,46480
11372,2005,8,56400
11372,2006,8,58400
11372,2007,8,50150
11372,2008,8,62400
11372,2009,8,62000
11372,2010,10,63256
11372,2011,12,54990
11372,2012,22,157780
11372,2013,10,64000
11372,2014,6,38400
11372,2015,6,52000
11372,2016,6,52000
11373,1989,4,2800
11374,1987,4,174000
11374,1988,4,176100
11374,1989,2,156100
11374,1990,8,185100
11375,1989,4,10000
11375,1990,4,7000
11375,1991,2,9000
11375,1992,2,6624
11375,1993,2,5000
11375,1994,2,2000
11375,2012,2,5000
11377,1987,14,71800
11377,1988,16,84000
11377,1989,20,105600
11377,1990,16,114220
11377,1991,10,84260
11377,1992,2,5000
11377,1993,8,43400
11377,1994,6,28400
11377,1995,6,28400
11377,1996,2,8106
11377,1997,2,8200
11377,1998,2,2000
11377,1999,2,5000
11377,2000,2,6000
11377,2001,2,7000
11377,2002,2,4000
11377,2003,2,7000
11377,2004,4,16000
11377,2005,4,16000
11377,2006,4,16000
11377,2007,4,18000
11377,2008,4,20600
11377,2009,6,34400
11377,2010,6,32460
11377,2011,6,28286
11377,2012,8,35600
11377,2013,4,20560
11377,2014,2,50000
11377,2015,4,24000
11377,2016,4,24000
11378,1989,4,14000
11378,1990,4,22000
11378,1991,4,12560
11378,1992,2,4500
11378,2008,2,7000
11378,2009,2,7000
11378,2010,2,7000
11378,2011,2,5736
11378,2012,2,10000
11378,2013,2,10000
11378,2015,2,15000
11378,2016,2,20000
11385,1987,2,7000
11385,1988,2,7000
11385,1989,2,8000
11385,1990,4,12000
11385,2000,4,117000
11385,2001,4,135000
11385,2002,4,121600
11385,2003,2,108000
11385,2004,4,101500
11385,2005,4,99000
11385,2006,2,94000
11385,2007,2,98700
11385,2008,2,108600
11385,2009,2,108600
11385,2010,2,96654
11385,2011,2,80108
11385,2013,2,20000
11385,2015,8,144000
11385,2016,6,50000
11411,1987,2,10000
11411,1988,4,14000
11411,1989,4,22000
11411,1990,6,35720
11411,1991,6,33800
11411,1992,4,28200
11411,1993,2,21150
11411,1994,2,28200
11411,1995,2,20000
11411,1996,2,17370
11411,1997,2,20000
11412,1987,2,8000
11412,1988,2,8000
11412,1989,2,8000
11412,1990,2,8000
11412,1992,2,6000
11412,1993,2,4530
11412,1994,2,6000
11412,1995,2,6000
11412,1996,2,5790
11412,2007,4,20000
11412,2008,2,16000
11412,2010,2,10000
11412,2013,2,10000
11412,2015,2,10000
11413,2001,2,12200
11413,2002,4,15000
11415,1989,2,4000
11415,1990,2,4000
11415,1991,2,4000
11415,1992,2,4000
11415,1993,2,4000
11415,1994,2,4000
11415,1995,2,4000
11415,1996,2,3860
11415,1998,2,7100
11415,1999,2,4000
11415,2000,2,4000
11418,2001,4,20000
11418,2002,4,20000
11418,2003,6,43000
11418,2004,4,36040
11418,2005,10,77000
11418,2006,8,64000
11418,2007,8,68000
11418,2008,6,66200
11418,2009,6,66000
11418,2010,4,72000
11418,2011,4,59734
11418,2012,4,42000
11419,2013,4,68840
11421,1993,8,314700
11421,1994,10,359000
11421,1995,14,376000
11421,1996,12,331210
11421,1997,14,368320
11421,1998,18,522600
11421,1999,18,545828
11421,2000,12,577452
11421,2001,16,619200
11421,2002,12,534600
11421,2003,20,598600
11421,2004,16,528540
11421,2005,12,513400
11421,2006,14,527400
11421,2007,10,493520
11421,2008,14,589800
11421,2009,8,549800
11421,2010,10,490720
11421,2011,10,362568
11421,2012,10,333720
11421,2013,6,314000
11421,2015,2,16000
11421,2016,2,16000
11423,1991,4,11200
11423,1992,4,12000
11432,1987,64,848620
11432,1988,60,890060
11432,1989,98,1029952
11432,1990,70,1005010
11432,1991,58,1007588
11432,1992,46,679130
11432,1993,20,229250
11432,1994,16,185750
11432,1995,28,315414
11432,1996,26,242190
11432,1997,30,250490
11432,1998,24,309470
11432,1999,24,353528
11432,2000,20,370500
11432,2001,20,393394
11432,2002,20,382300
11432,2003,26,417400
11432,2004,18,269700
11432,2005,18,336200
11432,2006,14,222000
11432,2007,12,228250
11432,2008,12,252800
11432,2009,8,182000
11432,2010,14,242842
11432,2011,16,378198
11432,2012,10,152140
11432,2013,8,146260
11432,2015,6,59000
11432,2016,2,26000
11434,1987,16,239500
11434,1988,12,243600
11434,1989,14,305000
11434,1990,16,322580
11434,1991,14,290150
11434,1992,8,156180
11434,1993,10,125000
11434,1994,10,160388
11434,1995,6,152000
11434,1996,8,120780
11434,1997,16,131472
11434,1998,8,173000
11434,1999,6,175000
11434,2000,10,192952
11434,2001,6,176000
11434,2002,6,149400
11434,2003,6,149400
11434,2004,6,99150
11434,2005,4,77000
11434,2006,2,70000
11434,2007,2,73500
11434,2008,2,80800
11434,2009,2,80800
11434,2010,2,71000
11434,2011,4,63888
11434,2012,8,194380
11434,2013,2,70000
11434,2014,6,221080
11434,2015,2,70000
11435,1989,4,12000
11691,1987,4,7000
11691,1988,4,6000
11694,1987,2,15000
11694,2010,2,30000
